2026/09/12 22:35:05 [warning] [application] Failed to set unsafe attribute "is_coating" of "WorkOrderCuttingDetail".
in /home/pmahendro/public_html/sinarputra/protected/modules/manufacture/controllers/WorkOrderCuttingController.php (57)
in /home/pmahendro/public_html/sinarputra/protected/modules/manufacture/controllers/WorkOrderCuttingController.php (429)
in /home/pmahendro/public_html/sinarputra/protected/modules/manufacture/controllers/WorkOrderCuttingController.php (27)
2026/09/12 22:35:05 [warning] [application] Failed to set unsafe attribute "is_coating" of "WorkOrderCuttingDetail".
in /home/pmahendro/public_html/sinarputra/protected/modules/manufacture/controllers/WorkOrderCuttingController.php (57)
in /home/pmahendro/public_html/sinarputra/protected/modules/manufacture/controllers/WorkOrderCuttingController.php (429)
in /home/pmahendro/public_html/sinarputra/protected/modules/manufacture/controllers/WorkOrderCuttingController.php (27)
2026/09/12 22:35:05 [warning] [application] Failed to set unsafe attribute "is_coating" of "WorkOrderCuttingDetail".
in /home/pmahendro/public_html/sinarputra/protected/modules/manufacture/controllers/WorkOrderCuttingController.php (57)
in /home/pmahendro/public_html/sinarputra/protected/modules/manufacture/controllers/WorkOrderCuttingController.php (429)
in /home/pmahendro/public_html/sinarputra/protected/modules/manufacture/controllers/WorkOrderCuttingController.php (27)
2026/09/12 22:35:05 [warning] [application] Failed to set unsafe attribute "is_coating" of "WorkOrderCuttingDetail".
in /home/pmahendro/public_html/sinarputra/protected/modules/manufacture/controllers/WorkOrderCuttingController.php (57)
in /home/pmahendro/public_html/sinarputra/protected/modules/manufacture/controllers/WorkOrderCuttingController.php (429)
in /home/pmahendro/public_html/sinarputra/protected/modules/manufacture/controllers/WorkOrderCuttingController.php (27)
2026/09/12 22:35:05 [warning] [application] Failed to set unsafe attribute "is_coating" of "WorkOrderCuttingDetail".
in /home/pmahendro/public_html/sinarputra/protected/modules/manufacture/controllers/WorkOrderCuttingController.php (57)
in /home/pmahendro/public_html/sinarputra/protected/modules/manufacture/controllers/WorkOrderCuttingController.php (429)
in /home/pmahendro/public_html/sinarputra/protected/modules/manufacture/controllers/WorkOrderCuttingController.php (27)
2026/09/12 22:35:05 [warning] [application] Failed to set unsafe attribute "is_coating" of "WorkOrderCuttingDetail".
in /home/pmahendro/public_html/sinarputra/protected/modules/manufacture/controllers/WorkOrderCuttingController.php (57)
in /home/pmahendro/public_html/sinarputra/protected/modules/manufacture/controllers/WorkOrderCuttingController.php (429)
in /home/pmahendro/public_html/sinarputra/protected/modules/manufacture/controllers/WorkOrderCuttingController.php (27)
2026/09/12 22:35:05 [warning] [application] Failed to set unsafe attribute "is_coating" of "WorkOrderCuttingDetail".
in /home/pmahendro/public_html/sinarputra/protected/modules/manufacture/controllers/WorkOrderCuttingController.php (57)
in /home/pmahendro/public_html/sinarputra/protected/modules/manufacture/controllers/WorkOrderCuttingController.php (429)
in /home/pmahendro/public_html/sinarputra/protected/modules/manufacture/controllers/WorkOrderCuttingController.php (27)
2026/09/12 22:35:05 [warning] [application] Failed to set unsafe attribute "is_coating" of "WorkOrderCuttingDetail".
in /home/pmahendro/public_html/sinarputra/protected/modules/manufacture/controllers/WorkOrderCuttingController.php (57)
in /home/pmahendro/public_html/sinarputra/protected/modules/manufacture/controllers/WorkOrderCuttingController.php (429)
in /home/pmahendro/public_html/sinarputra/protected/modules/manufacture/controllers/WorkOrderCuttingController.php (27)
2026/09/12 22:35:05 [warning] [application] Failed to set unsafe attribute "is_coating" of "WorkOrderCuttingDetail".
in /home/pmahendro/public_html/sinarputra/protected/modules/manufacture/controllers/WorkOrderCuttingController.php (57)
in /home/pmahendro/public_html/sinarputra/protected/modules/manufacture/controllers/WorkOrderCuttingController.php (429)
in /home/pmahendro/public_html/sinarputra/protected/modules/manufacture/controllers/WorkOrderCuttingController.php (27)
2026/09/12 22:35:05 [warning] [application] Failed to set unsafe attribute "is_coating" of "WorkOrderCuttingDetail".
in /home/pmahendro/public_html/sinarputra/protected/modules/manufacture/controllers/WorkOrderCuttingController.php (57)
in /home/pmahendro/public_html/sinarputra/protected/modules/manufacture/controllers/WorkOrderCuttingController.php (429)
in /home/pmahendro/public_html/sinarputra/protected/modules/manufacture/controllers/WorkOrderCuttingController.php (27)
2026/09/12 22:35:05 [warning] [application] Failed to set unsafe attribute "is_coating" of "WorkOrderCuttingDetail".
in /home/pmahendro/public_html/sinarputra/protected/modules/manufacture/controllers/WorkOrderCuttingController.php (57)
in /home/pmahendro/public_html/sinarputra/protected/modules/manufacture/controllers/WorkOrderCuttingController.php (429)
in /home/pmahendro/public_html/sinarputra/protected/modules/manufacture/controllers/WorkOrderCuttingController.php (27)
2026/09/12 22:35:05 [warning] [application] Failed to set unsafe attribute "is_coating" of "WorkOrderCuttingDetail".
in /home/pmahendro/public_html/sinarputra/protected/modules/manufacture/controllers/WorkOrderCuttingController.php (57)
in /home/pmahendro/public_html/sinarputra/protected/modules/manufacture/controllers/WorkOrderCuttingController.php (429)
in /home/pmahendro/public_html/sinarputra/protected/modules/manufacture/controllers/WorkOrderCuttingController.php (27)
2026/09/12 22:35:05 [warning] [application] Failed to set unsafe attribute "is_coating" of "WorkOrderCuttingDetail".
in /home/pmahendro/public_html/sinarputra/protected/modules/manufacture/controllers/WorkOrderCuttingController.php (57)
in /home/pmahendro/public_html/sinarputra/protected/modules/manufacture/controllers/WorkOrderCuttingController.php (429)
in /home/pmahendro/public_html/sinarputra/protected/modules/manufacture/controllers/WorkOrderCuttingController.php (27)
2026/09/12 22:35:05 [warning] [application] Failed to set unsafe attribute "is_coating" of "WorkOrderCuttingDetail".
in /home/pmahendro/public_html/sinarputra/protected/modules/manufacture/controllers/WorkOrderCuttingController.php (57)
in /home/pmahendro/public_html/sinarputra/protected/modules/manufacture/controllers/WorkOrderCuttingController.php (429)
in /home/pmahendro/public_html/sinarputra/protected/modules/manufacture/controllers/WorkOrderCuttingController.php (27)
2026/09/12 22:35:05 [warning] [application] Failed to set unsafe attribute "is_coating" of "WorkOrderCuttingDetail".
in /home/pmahendro/public_html/sinarputra/protected/modules/manufacture/controllers/WorkOrderCuttingController.php (57)
in /home/pmahendro/public_html/sinarputra/protected/modules/manufacture/controllers/WorkOrderCuttingController.php (429)
in /home/pmahendro/public_html/sinarputra/protected/modules/manufacture/controllers/WorkOrderCuttingController.php (27)
2026/09/12 22:35:05 [warning] [application] Failed to set unsafe attribute "is_coating" of "WorkOrderCuttingDetail".
in /home/pmahendro/public_html/sinarputra/protected/modules/manufacture/controllers/WorkOrderCuttingController.php (57)
in /home/pmahendro/public_html/sinarputra/protected/modules/manufacture/controllers/WorkOrderCuttingController.php (429)
in /home/pmahendro/public_html/sinarputra/protected/modules/manufacture/controllers/WorkOrderCuttingController.php (27)
2026/09/12 22:35:05 [warning] [application] Failed to set unsafe attribute "is_coating" of "WorkOrderCuttingDetail".
in /home/pmahendro/public_html/sinarputra/protected/modules/manufacture/controllers/WorkOrderCuttingController.php (57)
in /home/pmahendro/public_html/sinarputra/protected/modules/manufacture/controllers/WorkOrderCuttingController.php (429)
in /home/pmahendro/public_html/sinarputra/protected/modules/manufacture/controllers/WorkOrderCuttingController.php (27)
2026/09/12 22:35:05 [error] [php] Trying to get property of non-object (/home/pmahendro/public_html/sinarputra/protected/modules/manufacture/views/workOrderCutting/_detailProduct.php:11)
Stack trace:
#0 /home/pmahendro/public_html/yii/framework/web/CController.php(869): WorkOrderCuttingController->renderFile()
#1 /home/pmahendro/public_html/sinarputra/protected/modules/manufacture/controllers/WorkOrderCuttingController.php(435): WorkOrderCuttingController->renderPartial()
#2 unknown(0): WorkOrderCuttingController->actionAjaxHtmlRemoveDetail()
#3 /home/pmahendro/public_html/yii/framework/web/actions/CAction.php(108): ReflectionMethod->invokeArgs()
#4 /home/pmahendro/public_html/yii/framework/web/actions/CInlineAction.php(47): CInlineAction->runWithParamsInternal()
#5 /home/pmahendro/public_html/yii/framework/web/CController.php(308): CInlineAction->runWithParams()
#6 /home/pmahendro/public_html/yii/framework/web/filters/CFilterChain.php(133): WorkOrderCuttingController->runAction()
#7 /home/pmahendro/public_html/sinarputra/protected/modules/manufacture/controllers/WorkOrderCuttingController.php(27): CFilterChain->run()
#8 /home/pmahendro/public_html/yii/framework/web/filters/CInlineFilter.php(58): WorkOrderCuttingController->filterAccess()
#9 /home/pmahendro/public_html/yii/framework/web/filters/CFilterChain.php(130): CInlineFilter->filter()
#10 /home/pmahendro/public_html/yii/framework/web/CController.php(291): CFilterChain->run()
#11 /home/pmahendro/public_html/yii/framework/web/CController.php(265): WorkOrderCuttingController->runActionWithFilters()
#12 /home/pmahendro/public_html/yii/framework/web/CWebApplication.php(282): WorkOrderCuttingController->run()
#13 /home/pmahendro/public_html/yii/framework/web/CWebApplication.php(141): CWebApplication->runController()
#14 /home/pmahendro/public_html/yii/framework/base/CApplication.php(180): CWebApplication->processRequest()
#15 /home/pmahendro/public_html/sinarputra/index.php(13): CWebApplication->run()
REQUEST_URI=/~pmahendro/sinarputra/index.php?r=manufacture/workOrderCutting/ajaxHtmlRemoveDetail&id=&index=0
in /home/pmahendro/public_html/sinarputra/protected/modules/manufacture/views/workOrderCutting/_detailProduct.php (11)
in /home/pmahendro/public_html/sinarputra/protected/modules/manufacture/controllers/WorkOrderCuttingController.php (435)
in /home/pmahendro/public_html/sinarputra/protected/modules/manufacture/controllers/WorkOrderCuttingController.php (27)
2026/09/12 22:35:27 [warning] [application] Failed to set unsafe attribute "is_coating" of "WorkOrderCuttingDetail".
in /home/pmahendro/public_html/sinarputra/protected/modules/manufacture/controllers/WorkOrderCuttingController.php (57)
in /home/pmahendro/public_html/sinarputra/protected/modules/manufacture/controllers/WorkOrderCuttingController.php (429)
in /home/pmahendro/public_html/sinarputra/protected/modules/manufacture/controllers/WorkOrderCuttingController.php (27)
2026/09/12 22:35:27 [warning] [application] Failed to set unsafe attribute "is_coating" of "WorkOrderCuttingDetail".
in /home/pmahendro/public_html/sinarputra/protected/modules/manufacture/controllers/WorkOrderCuttingController.php (57)
in /home/pmahendro/public_html/sinarputra/protected/modules/manufacture/controllers/WorkOrderCuttingController.php (429)
in /home/pmahendro/public_html/sinarputra/protected/modules/manufacture/controllers/WorkOrderCuttingController.php (27)
2026/09/12 22:35:27 [warning] [application] Failed to set unsafe attribute "is_coating" of "WorkOrderCuttingDetail".
in /home/pmahendro/public_html/sinarputra/protected/modules/manufacture/controllers/WorkOrderCuttingController.php (57)
in /home/pmahendro/public_html/sinarputra/protected/modules/manufacture/controllers/WorkOrderCuttingController.php (429)
in /home/pmahendro/public_html/sinarputra/protected/modules/manufacture/controllers/WorkOrderCuttingController.php (27)
2026/09/12 22:35:27 [warning] [application] Failed to set unsafe attribute "is_coating" of "WorkOrderCuttingDetail".
in /home/pmahendro/public_html/sinarputra/protected/modules/manufacture/controllers/WorkOrderCuttingController.php (57)
in /home/pmahendro/public_html/sinarputra/protected/modules/manufacture/controllers/WorkOrderCuttingController.php (429)
in /home/pmahendro/public_html/sinarputra/protected/modules/manufacture/controllers/WorkOrderCuttingController.php (27)
2026/09/12 22:35:27 [warning] [application] Failed to set unsafe attribute "is_coating" of "WorkOrderCuttingDetail".
in /home/pmahendro/public_html/sinarputra/protected/modules/manufacture/controllers/WorkOrderCuttingController.php (57)
in /home/pmahendro/public_html/sinarputra/protected/modules/manufacture/controllers/WorkOrderCuttingController.php (429)
in /home/pmahendro/public_html/sinarputra/protected/modules/manufacture/controllers/WorkOrderCuttingController.php (27)
2026/09/12 22:35:27 [warning] [application] Failed to set unsafe attribute "is_coating" of "WorkOrderCuttingDetail".
in /home/pmahendro/public_html/sinarputra/protected/modules/manufacture/controllers/WorkOrderCuttingController.php (57)
in /home/pmahendro/public_html/sinarputra/protected/modules/manufacture/controllers/WorkOrderCuttingController.php (429)
in /home/pmahendro/public_html/sinarputra/protected/modules/manufacture/controllers/WorkOrderCuttingController.php (27)
2026/09/12 22:35:27 [warning] [application] Failed to set unsafe attribute "is_coating" of "WorkOrderCuttingDetail".
in /home/pmahendro/public_html/sinarputra/protected/modules/manufacture/controllers/WorkOrderCuttingController.php (57)
in /home/pmahendro/public_html/sinarputra/protected/modules/manufacture/controllers/WorkOrderCuttingController.php (429)
in /home/pmahendro/public_html/sinarputra/protected/modules/manufacture/controllers/WorkOrderCuttingController.php (27)
2026/09/12 22:35:27 [warning] [application] Failed to set unsafe attribute "is_coating" of "WorkOrderCuttingDetail".
in /home/pmahendro/public_html/sinarputra/protected/modules/manufacture/controllers/WorkOrderCuttingController.php (57)
in /home/pmahendro/public_html/sinarputra/protected/modules/manufacture/controllers/WorkOrderCuttingController.php (429)
in /home/pmahendro/public_html/sinarputra/protected/modules/manufacture/controllers/WorkOrderCuttingController.php (27)
2026/09/12 22:35:27 [warning] [application] Failed to set unsafe attribute "is_coating" of "WorkOrderCuttingDetail".
in /home/pmahendro/public_html/sinarputra/protected/modules/manufacture/controllers/WorkOrderCuttingController.php (57)
in /home/pmahendro/public_html/sinarputra/protected/modules/manufacture/controllers/WorkOrderCuttingController.php (429)
in /home/pmahendro/public_html/sinarputra/protected/modules/manufacture/controllers/WorkOrderCuttingController.php (27)
2026/09/12 22:35:27 [warning] [application] Failed to set unsafe attribute "is_coating" of "WorkOrderCuttingDetail".
in /home/pmahendro/public_html/sinarputra/protected/modules/manufacture/controllers/WorkOrderCuttingController.php (57)
in /home/pmahendro/public_html/sinarputra/protected/modules/manufacture/controllers/WorkOrderCuttingController.php (429)
in /home/pmahendro/public_html/sinarputra/protected/modules/manufacture/controllers/WorkOrderCuttingController.php (27)
2026/09/12 22:35:27 [warning] [application] Failed to set unsafe attribute "is_coating" of "WorkOrderCuttingDetail".
in /home/pmahendro/public_html/sinarputra/protected/modules/manufacture/controllers/WorkOrderCuttingController.php (57)
in /home/pmahendro/public_html/sinarputra/protected/modules/manufacture/controllers/WorkOrderCuttingController.php (429)
in /home/pmahendro/public_html/sinarputra/protected/modules/manufacture/controllers/WorkOrderCuttingController.php (27)
2026/09/12 22:35:27 [warning] [application] Failed to set unsafe attribute "is_coating" of "WorkOrderCuttingDetail".
in /home/pmahendro/public_html/sinarputra/protected/modules/manufacture/controllers/WorkOrderCuttingController.php (57)
in /home/pmahendro/public_html/sinarputra/protected/modules/manufacture/controllers/WorkOrderCuttingController.php (429)
in /home/pmahendro/public_html/sinarputra/protected/modules/manufacture/controllers/WorkOrderCuttingController.php (27)
2026/09/12 22:35:27 [warning] [application] Failed to set unsafe attribute "is_coating" of "WorkOrderCuttingDetail".
in /home/pmahendro/public_html/sinarputra/protected/modules/manufacture/controllers/WorkOrderCuttingController.php (57)
in /home/pmahendro/public_html/sinarputra/protected/modules/manufacture/controllers/WorkOrderCuttingController.php (429)
in /home/pmahendro/public_html/sinarputra/protected/modules/manufacture/controllers/WorkOrderCuttingController.php (27)
2026/09/12 22:35:27 [warning] [application] Failed to set unsafe attribute "is_coating" of "WorkOrderCuttingDetail".
in /home/pmahendro/public_html/sinarputra/protected/modules/manufacture/controllers/WorkOrderCuttingController.php (57)
in /home/pmahendro/public_html/sinarputra/protected/modules/manufacture/controllers/WorkOrderCuttingController.php (429)
in /home/pmahendro/public_html/sinarputra/protected/modules/manufacture/controllers/WorkOrderCuttingController.php (27)
2026/09/12 22:35:27 [warning] [application] Failed to set unsafe attribute "is_coating" of "WorkOrderCuttingDetail".
in /home/pmahendro/public_html/sinarputra/protected/modules/manufacture/controllers/WorkOrderCuttingController.php (57)
in /home/pmahendro/public_html/sinarputra/protected/modules/manufacture/controllers/WorkOrderCuttingController.php (429)
in /home/pmahendro/public_html/sinarputra/protected/modules/manufacture/controllers/WorkOrderCuttingController.php (27)
2026/09/12 22:35:27 [warning] [application] Failed to set unsafe attribute "is_coating" of "WorkOrderCuttingDetail".
in /home/pmahendro/public_html/sinarputra/protected/modules/manufacture/controllers/WorkOrderCuttingController.php (57)
in /home/pmahendro/public_html/sinarputra/protected/modules/manufacture/controllers/WorkOrderCuttingController.php (429)
in /home/pmahendro/public_html/sinarputra/protected/modules/manufacture/controllers/WorkOrderCuttingController.php (27)
2026/09/12 22:35:27 [warning] [application] Failed to set unsafe attribute "is_coating" of "WorkOrderCuttingDetail".
in /home/pmahendro/public_html/sinarputra/protected/modules/manufacture/controllers/WorkOrderCuttingController.php (57)
in /home/pmahendro/public_html/sinarputra/protected/modules/manufacture/controllers/WorkOrderCuttingController.php (429)
in /home/pmahendro/public_html/sinarputra/protected/modules/manufacture/controllers/WorkOrderCuttingController.php (27)
2026/09/12 22:35:27 [error] [php] Trying to get property of non-object (/home/pmahendro/public_html/sinarputra/protected/modules/manufacture/views/workOrderCutting/_detailProduct.php:32)
Stack trace:
#0 /home/pmahendro/public_html/yii/framework/web/CController.php(869): WorkOrderCuttingController->renderFile()
#1 /home/pmahendro/public_html/sinarputra/protected/modules/manufacture/controllers/WorkOrderCuttingController.php(435): WorkOrderCuttingController->renderPartial()
#2 unknown(0): WorkOrderCuttingController->actionAjaxHtmlRemoveDetail()
#3 /home/pmahendro/public_html/yii/framework/web/actions/CAction.php(108): ReflectionMethod->invokeArgs()
#4 /home/pmahendro/public_html/yii/framework/web/actions/CInlineAction.php(47): CInlineAction->runWithParamsInternal()
#5 /home/pmahendro/public_html/yii/framework/web/CController.php(308): CInlineAction->runWithParams()
#6 /home/pmahendro/public_html/yii/framework/web/filters/CFilterChain.php(133): WorkOrderCuttingController->runAction()
#7 /home/pmahendro/public_html/sinarputra/protected/modules/manufacture/controllers/WorkOrderCuttingController.php(27): CFilterChain->run()
#8 /home/pmahendro/public_html/yii/framework/web/filters/CInlineFilter.php(58): WorkOrderCuttingController->filterAccess()
#9 /home/pmahendro/public_html/yii/framework/web/filters/CFilterChain.php(130): CInlineFilter->filter()
#10 /home/pmahendro/public_html/yii/framework/web/CController.php(291): CFilterChain->run()
#11 /home/pmahendro/public_html/yii/framework/web/CController.php(265): WorkOrderCuttingController->runActionWithFilters()
#12 /home/pmahendro/public_html/yii/framework/web/CWebApplication.php(282): WorkOrderCuttingController->run()
#13 /home/pmahendro/public_html/yii/framework/web/CWebApplication.php(141): CWebApplication->runController()
#14 /home/pmahendro/public_html/yii/framework/base/CApplication.php(180): CWebApplication->processRequest()
#15 /home/pmahendro/public_html/sinarputra/index.php(13): CWebApplication->run()
REQUEST_URI=/~pmahendro/sinarputra/index.php?r=manufacture/workOrderCutting/ajaxHtmlRemoveDetail&id=&index=0
in /home/pmahendro/public_html/sinarputra/protected/modules/manufacture/views/workOrderCutting/_detailProduct.php (32)
in /home/pmahendro/public_html/sinarputra/protected/modules/manufacture/controllers/WorkOrderCuttingController.php (435)
in /home/pmahendro/public_html/sinarputra/protected/modules/manufacture/controllers/WorkOrderCuttingController.php (27)
2026/09/12 22:38:49 [warning] [application] Failed to set unsafe attribute "is_coating" of "WorkOrderCuttingDetail".
in /home/pmahendro/public_html/sinarputra/protected/modules/manufacture/controllers/WorkOrderCuttingController.php (57)
in /home/pmahendro/public_html/sinarputra/protected/modules/manufacture/controllers/WorkOrderCuttingController.php (429)
in /home/pmahendro/public_html/sinarputra/protected/modules/manufacture/controllers/WorkOrderCuttingController.php (27)
2026/09/12 22:38:49 [warning] [application] Failed to set unsafe attribute "is_coating" of "WorkOrderCuttingDetail".
in /home/pmahendro/public_html/sinarputra/protected/modules/manufacture/controllers/WorkOrderCuttingController.php (57)
in /home/pmahendro/public_html/sinarputra/protected/modules/manufacture/controllers/WorkOrderCuttingController.php (429)
in /home/pmahendro/public_html/sinarputra/protected/modules/manufacture/controllers/WorkOrderCuttingController.php (27)
2026/09/12 22:38:49 [warning] [application] Failed to set unsafe attribute "is_coating" of "WorkOrderCuttingDetail".
in /home/pmahendro/public_html/sinarputra/protected/modules/manufacture/controllers/WorkOrderCuttingController.php (57)
in /home/pmahendro/public_html/sinarputra/protected/modules/manufacture/controllers/WorkOrderCuttingController.php (429)
in /home/pmahendro/public_html/sinarputra/protected/modules/manufacture/controllers/WorkOrderCuttingController.php (27)
2026/09/12 22:38:49 [warning] [application] Failed to set unsafe attribute "is_coating" of "WorkOrderCuttingDetail".
in /home/pmahendro/public_html/sinarputra/protected/modules/manufacture/controllers/WorkOrderCuttingController.php (57)
in /home/pmahendro/public_html/sinarputra/protected/modules/manufacture/controllers/WorkOrderCuttingController.php (429)
in /home/pmahendro/public_html/sinarputra/protected/modules/manufacture/controllers/WorkOrderCuttingController.php (27)
2026/09/12 22:38:49 [warning] [application] Failed to set unsafe attribute "is_coating" of "WorkOrderCuttingDetail".
in /home/pmahendro/public_html/sinarputra/protected/modules/manufacture/controllers/WorkOrderCuttingController.php (57)
in /home/pmahendro/public_html/sinarputra/protected/modules/manufacture/controllers/WorkOrderCuttingController.php (429)
in /home/pmahendro/public_html/sinarputra/protected/modules/manufacture/controllers/WorkOrderCuttingController.php (27)
2026/09/12 22:38:49 [warning] [application] Failed to set unsafe attribute "is_coating" of "WorkOrderCuttingDetail".
in /home/pmahendro/public_html/sinarputra/protected/modules/manufacture/controllers/WorkOrderCuttingController.php (57)
in /home/pmahendro/public_html/sinarputra/protected/modules/manufacture/controllers/WorkOrderCuttingController.php (429)
in /home/pmahendro/public_html/sinarputra/protected/modules/manufacture/controllers/WorkOrderCuttingController.php (27)
2026/09/12 22:38:49 [warning] [application] Failed to set unsafe attribute "is_coating" of "WorkOrderCuttingDetail".
in /home/pmahendro/public_html/sinarputra/protected/modules/manufacture/controllers/WorkOrderCuttingController.php (57)
in /home/pmahendro/public_html/sinarputra/protected/modules/manufacture/controllers/WorkOrderCuttingController.php (429)
in /home/pmahendro/public_html/sinarputra/protected/modules/manufacture/controllers/WorkOrderCuttingController.php (27)
2026/09/12 22:38:49 [warning] [application] Failed to set unsafe attribute "is_coating" of "WorkOrderCuttingDetail".
in /home/pmahendro/public_html/sinarputra/protected/modules/manufacture/controllers/WorkOrderCuttingController.php (57)
in /home/pmahendro/public_html/sinarputra/protected/modules/manufacture/controllers/WorkOrderCuttingController.php (429)
in /home/pmahendro/public_html/sinarputra/protected/modules/manufacture/controllers/WorkOrderCuttingController.php (27)
2026/09/12 22:38:49 [warning] [application] Failed to set unsafe attribute "is_coating" of "WorkOrderCuttingDetail".
in /home/pmahendro/public_html/sinarputra/protected/modules/manufacture/controllers/WorkOrderCuttingController.php (57)
in /home/pmahendro/public_html/sinarputra/protected/modules/manufacture/controllers/WorkOrderCuttingController.php (429)
in /home/pmahendro/public_html/sinarputra/protected/modules/manufacture/controllers/WorkOrderCuttingController.php (27)
2026/09/12 22:38:49 [warning] [application] Failed to set unsafe attribute "is_coating" of "WorkOrderCuttingDetail".
in /home/pmahendro/public_html/sinarputra/protected/modules/manufacture/controllers/WorkOrderCuttingController.php (57)
in /home/pmahendro/public_html/sinarputra/protected/modules/manufacture/controllers/WorkOrderCuttingController.php (429)
in /home/pmahendro/public_html/sinarputra/protected/modules/manufacture/controllers/WorkOrderCuttingController.php (27)
2026/09/12 22:38:49 [warning] [application] Failed to set unsafe attribute "is_coating" of "WorkOrderCuttingDetail".
in /home/pmahendro/public_html/sinarputra/protected/modules/manufacture/controllers/WorkOrderCuttingController.php (57)
in /home/pmahendro/public_html/sinarputra/protected/modules/manufacture/controllers/WorkOrderCuttingController.php (429)
in /home/pmahendro/public_html/sinarputra/protected/modules/manufacture/controllers/WorkOrderCuttingController.php (27)
2026/09/12 22:38:49 [warning] [application] Failed to set unsafe attribute "is_coating" of "WorkOrderCuttingDetail".
in /home/pmahendro/public_html/sinarputra/protected/modules/manufacture/controllers/WorkOrderCuttingController.php (57)
in /home/pmahendro/public_html/sinarputra/protected/modules/manufacture/controllers/WorkOrderCuttingController.php (429)
in /home/pmahendro/public_html/sinarputra/protected/modules/manufacture/controllers/WorkOrderCuttingController.php (27)
2026/09/12 22:38:49 [warning] [application] Failed to set unsafe attribute "is_coating" of "WorkOrderCuttingDetail".
in /home/pmahendro/public_html/sinarputra/protected/modules/manufacture/controllers/WorkOrderCuttingController.php (57)
in /home/pmahendro/public_html/sinarputra/protected/modules/manufacture/controllers/WorkOrderCuttingController.php (429)
in /home/pmahendro/public_html/sinarputra/protected/modules/manufacture/controllers/WorkOrderCuttingController.php (27)
2026/09/12 22:38:49 [warning] [application] Failed to set unsafe attribute "is_coating" of "WorkOrderCuttingDetail".
in /home/pmahendro/public_html/sinarputra/protected/modules/manufacture/controllers/WorkOrderCuttingController.php (57)
in /home/pmahendro/public_html/sinarputra/protected/modules/manufacture/controllers/WorkOrderCuttingController.php (429)
in /home/pmahendro/public_html/sinarputra/protected/modules/manufacture/controllers/WorkOrderCuttingController.php (27)
2026/09/12 22:38:49 [warning] [application] Failed to set unsafe attribute "is_coating" of "WorkOrderCuttingDetail".
in /home/pmahendro/public_html/sinarputra/protected/modules/manufacture/controllers/WorkOrderCuttingController.php (57)
in /home/pmahendro/public_html/sinarputra/protected/modules/manufacture/controllers/WorkOrderCuttingController.php (429)
in /home/pmahendro/public_html/sinarputra/protected/modules/manufacture/controllers/WorkOrderCuttingController.php (27)
2026/09/12 22:38:49 [warning] [application] Failed to set unsafe attribute "is_coating" of "WorkOrderCuttingDetail".
in /home/pmahendro/public_html/sinarputra/protected/modules/manufacture/controllers/WorkOrderCuttingController.php (57)
in /home/pmahendro/public_html/sinarputra/protected/modules/manufacture/controllers/WorkOrderCuttingController.php (429)
in /home/pmahendro/public_html/sinarputra/protected/modules/manufacture/controllers/WorkOrderCuttingController.php (27)
2026/09/12 22:38:49 [warning] [application] Failed to set unsafe attribute "is_coating" of "WorkOrderCuttingDetail".
in /home/pmahendro/public_html/sinarputra/protected/modules/manufacture/controllers/WorkOrderCuttingController.php (57)
in /home/pmahendro/public_html/sinarputra/protected/modules/manufacture/controllers/WorkOrderCuttingController.php (429)
in /home/pmahendro/public_html/sinarputra/protected/modules/manufacture/controllers/WorkOrderCuttingController.php (27)
2026/09/12 22:38:51 [warning] [application] Failed to set unsafe attribute "is_coating" of "WorkOrderCuttingDetail".
in /home/pmahendro/public_html/sinarputra/protected/modules/manufacture/controllers/WorkOrderCuttingController.php (57)
in /home/pmahendro/public_html/sinarputra/protected/modules/manufacture/controllers/WorkOrderCuttingController.php (429)
in /home/pmahendro/public_html/sinarputra/protected/modules/manufacture/controllers/WorkOrderCuttingController.php (27)
2026/09/12 22:38:51 [warning] [application] Failed to set unsafe attribute "is_coating" of "WorkOrderCuttingDetail".
in /home/pmahendro/public_html/sinarputra/protected/modules/manufacture/controllers/WorkOrderCuttingController.php (57)
in /home/pmahendro/public_html/sinarputra/protected/modules/manufacture/controllers/WorkOrderCuttingController.php (429)
in /home/pmahendro/public_html/sinarputra/protected/modules/manufacture/controllers/WorkOrderCuttingController.php (27)
2026/09/12 22:38:51 [warning] [application] Failed to set unsafe attribute "is_coating" of "WorkOrderCuttingDetail".
in /home/pmahendro/public_html/sinarputra/protected/modules/manufacture/controllers/WorkOrderCuttingController.php (57)
in /home/pmahendro/public_html/sinarputra/protected/modules/manufacture/controllers/WorkOrderCuttingController.php (429)
in /home/pmahendro/public_html/sinarputra/protected/modules/manufacture/controllers/WorkOrderCuttingController.php (27)
2026/09/12 22:38:51 [warning] [application] Failed to set unsafe attribute "is_coating" of "WorkOrderCuttingDetail".
in /home/pmahendro/public_html/sinarputra/protected/modules/manufacture/controllers/WorkOrderCuttingController.php (57)
in /home/pmahendro/public_html/sinarputra/protected/modules/manufacture/controllers/WorkOrderCuttingController.php (429)
in /home/pmahendro/public_html/sinarputra/protected/modules/manufacture/controllers/WorkOrderCuttingController.php (27)
2026/09/12 22:38:51 [warning] [application] Failed to set unsafe attribute "is_coating" of "WorkOrderCuttingDetail".
in /home/pmahendro/public_html/sinarputra/protected/modules/manufacture/controllers/WorkOrderCuttingController.php (57)
in /home/pmahendro/public_html/sinarputra/protected/modules/manufacture/controllers/WorkOrderCuttingController.php (429)
in /home/pmahendro/public_html/sinarputra/protected/modules/manufacture/controllers/WorkOrderCuttingController.php (27)
2026/09/12 22:38:51 [warning] [application] Failed to set unsafe attribute "is_coating" of "WorkOrderCuttingDetail".
in /home/pmahendro/public_html/sinarputra/protected/modules/manufacture/controllers/WorkOrderCuttingController.php (57)
in /home/pmahendro/public_html/sinarputra/protected/modules/manufacture/controllers/WorkOrderCuttingController.php (429)
in /home/pmahendro/public_html/sinarputra/protected/modules/manufacture/controllers/WorkOrderCuttingController.php (27)
2026/09/12 22:38:51 [warning] [application] Failed to set unsafe attribute "is_coating" of "WorkOrderCuttingDetail".
in /home/pmahendro/public_html/sinarputra/protected/modules/manufacture/controllers/WorkOrderCuttingController.php (57)
in /home/pmahendro/public_html/sinarputra/protected/modules/manufacture/controllers/WorkOrderCuttingController.php (429)
in /home/pmahendro/public_html/sinarputra/protected/modules/manufacture/controllers/WorkOrderCuttingController.php (27)
2026/09/12 22:38:51 [warning] [application] Failed to set unsafe attribute "is_coating" of "WorkOrderCuttingDetail".
in /home/pmahendro/public_html/sinarputra/protected/modules/manufacture/controllers/WorkOrderCuttingController.php (57)
in /home/pmahendro/public_html/sinarputra/protected/modules/manufacture/controllers/WorkOrderCuttingController.php (429)
in /home/pmahendro/public_html/sinarputra/protected/modules/manufacture/controllers/WorkOrderCuttingController.php (27)
2026/09/12 22:38:51 [warning] [application] Failed to set unsafe attribute "is_coating" of "WorkOrderCuttingDetail".
in /home/pmahendro/public_html/sinarputra/protected/modules/manufacture/controllers/WorkOrderCuttingController.php (57)
in /home/pmahendro/public_html/sinarputra/protected/modules/manufacture/controllers/WorkOrderCuttingController.php (429)
in /home/pmahendro/public_html/sinarputra/protected/modules/manufacture/controllers/WorkOrderCuttingController.php (27)
2026/09/12 22:38:51 [warning] [application] Failed to set unsafe attribute "is_coating" of "WorkOrderCuttingDetail".
in /home/pmahendro/public_html/sinarputra/protected/modules/manufacture/controllers/WorkOrderCuttingController.php (57)
in /home/pmahendro/public_html/sinarputra/protected/modules/manufacture/controllers/WorkOrderCuttingController.php (429)
in /home/pmahendro/public_html/sinarputra/protected/modules/manufacture/controllers/WorkOrderCuttingController.php (27)
2026/09/12 22:38:51 [warning] [application] Failed to set unsafe attribute "is_coating" of "WorkOrderCuttingDetail".
in /home/pmahendro/public_html/sinarputra/protected/modules/manufacture/controllers/WorkOrderCuttingController.php (57)
in /home/pmahendro/public_html/sinarputra/protected/modules/manufacture/controllers/WorkOrderCuttingController.php (429)
in /home/pmahendro/public_html/sinarputra/protected/modules/manufacture/controllers/WorkOrderCuttingController.php (27)
2026/09/12 22:38:51 [warning] [application] Failed to set unsafe attribute "is_coating" of "WorkOrderCuttingDetail".
in /home/pmahendro/public_html/sinarputra/protected/modules/manufacture/controllers/WorkOrderCuttingController.php (57)
in /home/pmahendro/public_html/sinarputra/protected/modules/manufacture/controllers/WorkOrderCuttingController.php (429)
in /home/pmahendro/public_html/sinarputra/protected/modules/manufacture/controllers/WorkOrderCuttingController.php (27)
2026/09/12 22:38:51 [warning] [application] Failed to set unsafe attribute "is_coating" of "WorkOrderCuttingDetail".
in /home/pmahendro/public_html/sinarputra/protected/modules/manufacture/controllers/WorkOrderCuttingController.php (57)
in /home/pmahendro/public_html/sinarputra/protected/modules/manufacture/controllers/WorkOrderCuttingController.php (429)
in /home/pmahendro/public_html/sinarputra/protected/modules/manufacture/controllers/WorkOrderCuttingController.php (27)
2026/09/12 22:38:51 [warning] [application] Failed to set unsafe attribute "is_coating" of "WorkOrderCuttingDetail".
in /home/pmahendro/public_html/sinarputra/protected/modules/manufacture/controllers/WorkOrderCuttingController.php (57)
in /home/pmahendro/public_html/sinarputra/protected/modules/manufacture/controllers/WorkOrderCuttingController.php (429)
in /home/pmahendro/public_html/sinarputra/protected/modules/manufacture/controllers/WorkOrderCuttingController.php (27)
2026/09/12 22:38:51 [warning] [application] Failed to set unsafe attribute "is_coating" of "WorkOrderCuttingDetail".
in /home/pmahendro/public_html/sinarputra/protected/modules/manufacture/controllers/WorkOrderCuttingController.php (57)
in /home/pmahendro/public_html/sinarputra/protected/modules/manufacture/controllers/WorkOrderCuttingController.php (429)
in /home/pmahendro/public_html/sinarputra/protected/modules/manufacture/controllers/WorkOrderCuttingController.php (27)
2026/09/12 22:38:51 [warning] [application] Failed to set unsafe attribute "is_coating" of "WorkOrderCuttingDetail".
in /home/pmahendro/public_html/sinarputra/protected/modules/manufacture/controllers/WorkOrderCuttingController.php (57)
in /home/pmahendro/public_html/sinarputra/protected/modules/manufacture/controllers/WorkOrderCuttingController.php (429)
in /home/pmahendro/public_html/sinarputra/protected/modules/manufacture/controllers/WorkOrderCuttingController.php (27)
2026/09/12 22:38:54 [warning] [application] Failed to set unsafe attribute "is_coating" of "WorkOrderCuttingDetail".
in /home/pmahendro/public_html/sinarputra/protected/modules/manufacture/controllers/WorkOrderCuttingController.php (57)
in /home/pmahendro/public_html/sinarputra/protected/modules/manufacture/controllers/WorkOrderCuttingController.php (429)
in /home/pmahendro/public_html/sinarputra/protected/modules/manufacture/controllers/WorkOrderCuttingController.php (27)
2026/09/12 22:38:54 [warning] [application] Failed to set unsafe attribute "is_coating" of "WorkOrderCuttingDetail".
in /home/pmahendro/public_html/sinarputra/protected/modules/manufacture/controllers/WorkOrderCuttingController.php (57)
in /home/pmahendro/public_html/sinarputra/protected/modules/manufacture/controllers/WorkOrderCuttingController.php (429)
in /home/pmahendro/public_html/sinarputra/protected/modules/manufacture/controllers/WorkOrderCuttingController.php (27)
2026/09/12 22:38:54 [warning] [application] Failed to set unsafe attribute "is_coating" of "WorkOrderCuttingDetail".
in /home/pmahendro/public_html/sinarputra/protected/modules/manufacture/controllers/WorkOrderCuttingController.php (57)
in /home/pmahendro/public_html/sinarputra/protected/modules/manufacture/controllers/WorkOrderCuttingController.php (429)
in /home/pmahendro/public_html/sinarputra/protected/modules/manufacture/controllers/WorkOrderCuttingController.php (27)
2026/09/12 22:38:54 [warning] [application] Failed to set unsafe attribute "is_coating" of "WorkOrderCuttingDetail".
in /home/pmahendro/public_html/sinarputra/protected/modules/manufacture/controllers/WorkOrderCuttingController.php (57)
in /home/pmahendro/public_html/sinarputra/protected/modules/manufacture/controllers/WorkOrderCuttingController.php (429)
in /home/pmahendro/public_html/sinarputra/protected/modules/manufacture/controllers/WorkOrderCuttingController.php (27)
2026/09/12 22:38:54 [warning] [application] Failed to set unsafe attribute "is_coating" of "WorkOrderCuttingDetail".
in /home/pmahendro/public_html/sinarputra/protected/modules/manufacture/controllers/WorkOrderCuttingController.php (57)
in /home/pmahendro/public_html/sinarputra/protected/modules/manufacture/controllers/WorkOrderCuttingController.php (429)
in /home/pmahendro/public_html/sinarputra/protected/modules/manufacture/controllers/WorkOrderCuttingController.php (27)
2026/09/12 22:38:54 [warning] [application] Failed to set unsafe attribute "is_coating" of "WorkOrderCuttingDetail".
in /home/pmahendro/public_html/sinarputra/protected/modules/manufacture/controllers/WorkOrderCuttingController.php (57)
in /home/pmahendro/public_html/sinarputra/protected/modules/manufacture/controllers/WorkOrderCuttingController.php (429)
in /home/pmahendro/public_html/sinarputra/protected/modules/manufacture/controllers/WorkOrderCuttingController.php (27)
2026/09/12 22:38:54 [warning] [application] Failed to set unsafe attribute "is_coating" of "WorkOrderCuttingDetail".
in /home/pmahendro/public_html/sinarputra/protected/modules/manufacture/controllers/WorkOrderCuttingController.php (57)
in /home/pmahendro/public_html/sinarputra/protected/modules/manufacture/controllers/WorkOrderCuttingController.php (429)
in /home/pmahendro/public_html/sinarputra/protected/modules/manufacture/controllers/WorkOrderCuttingController.php (27)
2026/09/12 22:38:54 [warning] [application] Failed to set unsafe attribute "is_coating" of "WorkOrderCuttingDetail".
in /home/pmahendro/public_html/sinarputra/protected/modules/manufacture/controllers/WorkOrderCuttingController.php (57)
in /home/pmahendro/public_html/sinarputra/protected/modules/manufacture/controllers/WorkOrderCuttingController.php (429)
in /home/pmahendro/public_html/sinarputra/protected/modules/manufacture/controllers/WorkOrderCuttingController.php (27)
2026/09/12 22:38:54 [warning] [application] Failed to set unsafe attribute "is_coating" of "WorkOrderCuttingDetail".
in /home/pmahendro/public_html/sinarputra/protected/modules/manufacture/controllers/WorkOrderCuttingController.php (57)
in /home/pmahendro/public_html/sinarputra/protected/modules/manufacture/controllers/WorkOrderCuttingController.php (429)
in /home/pmahendro/public_html/sinarputra/protected/modules/manufacture/controllers/WorkOrderCuttingController.php (27)
2026/09/12 22:38:54 [warning] [application] Failed to set unsafe attribute "is_coating" of "WorkOrderCuttingDetail".
in /home/pmahendro/public_html/sinarputra/protected/modules/manufacture/controllers/WorkOrderCuttingController.php (57)
in /home/pmahendro/public_html/sinarputra/protected/modules/manufacture/controllers/WorkOrderCuttingController.php (429)
in /home/pmahendro/public_html/sinarputra/protected/modules/manufacture/controllers/WorkOrderCuttingController.php (27)
2026/09/12 22:38:54 [warning] [application] Failed to set unsafe attribute "is_coating" of "WorkOrderCuttingDetail".
in /home/pmahendro/public_html/sinarputra/protected/modules/manufacture/controllers/WorkOrderCuttingController.php (57)
in /home/pmahendro/public_html/sinarputra/protected/modules/manufacture/controllers/WorkOrderCuttingController.php (429)
in /home/pmahendro/public_html/sinarputra/protected/modules/manufacture/controllers/WorkOrderCuttingController.php (27)
2026/09/12 22:38:54 [warning] [application] Failed to set unsafe attribute "is_coating" of "WorkOrderCuttingDetail".
in /home/pmahendro/public_html/sinarputra/protected/modules/manufacture/controllers/WorkOrderCuttingController.php (57)
in /home/pmahendro/public_html/sinarputra/protected/modules/manufacture/controllers/WorkOrderCuttingController.php (429)
in /home/pmahendro/public_html/sinarputra/protected/modules/manufacture/controllers/WorkOrderCuttingController.php (27)
2026/09/12 22:38:54 [warning] [application] Failed to set unsafe attribute "is_coating" of "WorkOrderCuttingDetail".
in /home/pmahendro/public_html/sinarputra/protected/modules/manufacture/controllers/WorkOrderCuttingController.php (57)
in /home/pmahendro/public_html/sinarputra/protected/modules/manufacture/controllers/WorkOrderCuttingController.php (429)
in /home/pmahendro/public_html/sinarputra/protected/modules/manufacture/controllers/WorkOrderCuttingController.php (27)
2026/09/12 22:38:54 [warning] [application] Failed to set unsafe attribute "is_coating" of "WorkOrderCuttingDetail".
in /home/pmahendro/public_html/sinarputra/protected/modules/manufacture/controllers/WorkOrderCuttingController.php (57)
in /home/pmahendro/public_html/sinarputra/protected/modules/manufacture/controllers/WorkOrderCuttingController.php (429)
in /home/pmahendro/public_html/sinarputra/protected/modules/manufacture/controllers/WorkOrderCuttingController.php (27)
2026/09/12 22:38:54 [warning] [application] Failed to set unsafe attribute "is_coating" of "WorkOrderCuttingDetail".
in /home/pmahendro/public_html/sinarputra/protected/modules/manufacture/controllers/WorkOrderCuttingController.php (57)
in /home/pmahendro/public_html/sinarputra/protected/modules/manufacture/controllers/WorkOrderCuttingController.php (429)
in /home/pmahendro/public_html/sinarputra/protected/modules/manufacture/controllers/WorkOrderCuttingController.php (27)
2026/09/12 22:38:55 [warning] [application] Failed to set unsafe attribute "is_coating" of "WorkOrderCuttingDetail".
in /home/pmahendro/public_html/sinarputra/protected/modules/manufacture/controllers/WorkOrderCuttingController.php (57)
in /home/pmahendro/public_html/sinarputra/protected/modules/manufacture/controllers/WorkOrderCuttingController.php (429)
in /home/pmahendro/public_html/sinarputra/protected/modules/manufacture/controllers/WorkOrderCuttingController.php (27)
2026/09/12 22:38:55 [warning] [application] Failed to set unsafe attribute "is_coating" of "WorkOrderCuttingDetail".
in /home/pmahendro/public_html/sinarputra/protected/modules/manufacture/controllers/WorkOrderCuttingController.php (57)
in /home/pmahendro/public_html/sinarputra/protected/modules/manufacture/controllers/WorkOrderCuttingController.php (429)
in /home/pmahendro/public_html/sinarputra/protected/modules/manufacture/controllers/WorkOrderCuttingController.php (27)
2026/09/12 22:38:55 [warning] [application] Failed to set unsafe attribute "is_coating" of "WorkOrderCuttingDetail".
in /home/pmahendro/public_html/sinarputra/protected/modules/manufacture/controllers/WorkOrderCuttingController.php (57)
in /home/pmahendro/public_html/sinarputra/protected/modules/manufacture/controllers/WorkOrderCuttingController.php (429)
in /home/pmahendro/public_html/sinarputra/protected/modules/manufacture/controllers/WorkOrderCuttingController.php (27)
2026/09/12 22:38:55 [warning] [application] Failed to set unsafe attribute "is_coating" of "WorkOrderCuttingDetail".
in /home/pmahendro/public_html/sinarputra/protected/modules/manufacture/controllers/WorkOrderCuttingController.php (57)
in /home/pmahendro/public_html/sinarputra/protected/modules/manufacture/controllers/WorkOrderCuttingController.php (429)
in /home/pmahendro/public_html/sinarputra/protected/modules/manufacture/controllers/WorkOrderCuttingController.php (27)
2026/09/12 22:38:55 [warning] [application] Failed to set unsafe attribute "is_coating" of "WorkOrderCuttingDetail".
in /home/pmahendro/public_html/sinarputra/protected/modules/manufacture/controllers/WorkOrderCuttingController.php (57)
in /home/pmahendro/public_html/sinarputra/protected/modules/manufacture/controllers/WorkOrderCuttingController.php (429)
in /home/pmahendro/public_html/sinarputra/protected/modules/manufacture/controllers/WorkOrderCuttingController.php (27)
2026/09/12 22:38:55 [warning] [application] Failed to set unsafe attribute "is_coating" of "WorkOrderCuttingDetail".
in /home/pmahendro/public_html/sinarputra/protected/modules/manufacture/controllers/WorkOrderCuttingController.php (57)
in /home/pmahendro/public_html/sinarputra/protected/modules/manufacture/controllers/WorkOrderCuttingController.php (429)
in /home/pmahendro/public_html/sinarputra/protected/modules/manufacture/controllers/WorkOrderCuttingController.php (27)
2026/09/12 22:38:55 [warning] [application] Failed to set unsafe attribute "is_coating" of "WorkOrderCuttingDetail".
in /home/pmahendro/public_html/sinarputra/protected/modules/manufacture/controllers/WorkOrderCuttingController.php (57)
in /home/pmahendro/public_html/sinarputra/protected/modules/manufacture/controllers/WorkOrderCuttingController.php (429)
in /home/pmahendro/public_html/sinarputra/protected/modules/manufacture/controllers/WorkOrderCuttingController.php (27)
2026/09/12 22:38:55 [warning] [application] Failed to set unsafe attribute "is_coating" of "WorkOrderCuttingDetail".
in /home/pmahendro/public_html/sinarputra/protected/modules/manufacture/controllers/WorkOrderCuttingController.php (57)
in /home/pmahendro/public_html/sinarputra/protected/modules/manufacture/controllers/WorkOrderCuttingController.php (429)
in /home/pmahendro/public_html/sinarputra/protected/modules/manufacture/controllers/WorkOrderCuttingController.php (27)
2026/09/12 22:38:55 [warning] [application] Failed to set unsafe attribute "is_coating" of "WorkOrderCuttingDetail".
in /home/pmahendro/public_html/sinarputra/protected/modules/manufacture/controllers/WorkOrderCuttingController.php (57)
in /home/pmahendro/public_html/sinarputra/protected/modules/manufacture/controllers/WorkOrderCuttingController.php (429)
in /home/pmahendro/public_html/sinarputra/protected/modules/manufacture/controllers/WorkOrderCuttingController.php (27)
2026/09/12 22:38:55 [warning] [application] Failed to set unsafe attribute "is_coating" of "WorkOrderCuttingDetail".
in /home/pmahendro/public_html/sinarputra/protected/modules/manufacture/controllers/WorkOrderCuttingController.php (57)
in /home/pmahendro/public_html/sinarputra/protected/modules/manufacture/controllers/WorkOrderCuttingController.php (429)
in /home/pmahendro/public_html/sinarputra/protected/modules/manufacture/controllers/WorkOrderCuttingController.php (27)
2026/09/12 22:38:55 [warning] [application] Failed to set unsafe attribute "is_coating" of "WorkOrderCuttingDetail".
in /home/pmahendro/public_html/sinarputra/protected/modules/manufacture/controllers/WorkOrderCuttingController.php (57)
in /home/pmahendro/public_html/sinarputra/protected/modules/manufacture/controllers/WorkOrderCuttingController.php (429)
in /home/pmahendro/public_html/sinarputra/protected/modules/manufacture/controllers/WorkOrderCuttingController.php (27)
2026/09/12 22:38:55 [warning] [application] Failed to set unsafe attribute "is_coating" of "WorkOrderCuttingDetail".
in /home/pmahendro/public_html/sinarputra/protected/modules/manufacture/controllers/WorkOrderCuttingController.php (57)
in /home/pmahendro/public_html/sinarputra/protected/modules/manufacture/controllers/WorkOrderCuttingController.php (429)
in /home/pmahendro/public_html/sinarputra/protected/modules/manufacture/controllers/WorkOrderCuttingController.php (27)
2026/09/12 22:38:55 [warning] [application] Failed to set unsafe attribute "is_coating" of "WorkOrderCuttingDetail".
in /home/pmahendro/public_html/sinarputra/protected/modules/manufacture/controllers/WorkOrderCuttingController.php (57)
in /home/pmahendro/public_html/sinarputra/protected/modules/manufacture/controllers/WorkOrderCuttingController.php (429)
in /home/pmahendro/public_html/sinarputra/protected/modules/manufacture/controllers/WorkOrderCuttingController.php (27)
2026/09/12 22:38:55 [warning] [application] Failed to set unsafe attribute "is_coating" of "WorkOrderCuttingDetail".
in /home/pmahendro/public_html/sinarputra/protected/modules/manufacture/controllers/WorkOrderCuttingController.php (57)
in /home/pmahendro/public_html/sinarputra/protected/modules/manufacture/controllers/WorkOrderCuttingController.php (429)
in /home/pmahendro/public_html/sinarputra/protected/modules/manufacture/controllers/WorkOrderCuttingController.php (27)
2026/09/12 22:38:56 [warning] [application] Failed to set unsafe attribute "is_coating" of "WorkOrderCuttingDetail".
in /home/pmahendro/public_html/sinarputra/protected/modules/manufacture/controllers/WorkOrderCuttingController.php (57)
in /home/pmahendro/public_html/sinarputra/protected/modules/manufacture/controllers/WorkOrderCuttingController.php (429)
in /home/pmahendro/public_html/sinarputra/protected/modules/manufacture/controllers/WorkOrderCuttingController.php (27)
2026/09/12 22:38:56 [warning] [application] Failed to set unsafe attribute "is_coating" of "WorkOrderCuttingDetail".
in /home/pmahendro/public_html/sinarputra/protected/modules/manufacture/controllers/WorkOrderCuttingController.php (57)
in /home/pmahendro/public_html/sinarputra/protected/modules/manufacture/controllers/WorkOrderCuttingController.php (429)
in /home/pmahendro/public_html/sinarputra/protected/modules/manufacture/controllers/WorkOrderCuttingController.php (27)
2026/09/12 22:38:56 [warning] [application] Failed to set unsafe attribute "is_coating" of "WorkOrderCuttingDetail".
in /home/pmahendro/public_html/sinarputra/protected/modules/manufacture/controllers/WorkOrderCuttingController.php (57)
in /home/pmahendro/public_html/sinarputra/protected/modules/manufacture/controllers/WorkOrderCuttingController.php (429)
in /home/pmahendro/public_html/sinarputra/protected/modules/manufacture/controllers/WorkOrderCuttingController.php (27)
2026/09/12 22:38:56 [warning] [application] Failed to set unsafe attribute "is_coating" of "WorkOrderCuttingDetail".
in /home/pmahendro/public_html/sinarputra/protected/modules/manufacture/controllers/WorkOrderCuttingController.php (57)
in /home/pmahendro/public_html/sinarputra/protected/modules/manufacture/controllers/WorkOrderCuttingController.php (429)
in /home/pmahendro/public_html/sinarputra/protected/modules/manufacture/controllers/WorkOrderCuttingController.php (27)
2026/09/12 22:38:56 [warning] [application] Failed to set unsafe attribute "is_coating" of "WorkOrderCuttingDetail".
in /home/pmahendro/public_html/sinarputra/protected/modules/manufacture/controllers/WorkOrderCuttingController.php (57)
in /home/pmahendro/public_html/sinarputra/protected/modules/manufacture/controllers/WorkOrderCuttingController.php (429)
in /home/pmahendro/public_html/sinarputra/protected/modules/manufacture/controllers/WorkOrderCuttingController.php (27)
2026/09/12 22:38:56 [warning] [application] Failed to set unsafe attribute "is_coating" of "WorkOrderCuttingDetail".
in /home/pmahendro/public_html/sinarputra/protected/modules/manufacture/controllers/WorkOrderCuttingController.php (57)
in /home/pmahendro/public_html/sinarputra/protected/modules/manufacture/controllers/WorkOrderCuttingController.php (429)
in /home/pmahendro/public_html/sinarputra/protected/modules/manufacture/controllers/WorkOrderCuttingController.php (27)
2026/09/12 22:38:56 [warning] [application] Failed to set unsafe attribute "is_coating" of "WorkOrderCuttingDetail".
in /home/pmahendro/public_html/sinarputra/protected/modules/manufacture/controllers/WorkOrderCuttingController.php (57)
in /home/pmahendro/public_html/sinarputra/protected/modules/manufacture/controllers/WorkOrderCuttingController.php (429)
in /home/pmahendro/public_html/sinarputra/protected/modules/manufacture/controllers/WorkOrderCuttingController.php (27)
2026/09/12 22:38:56 [warning] [application] Failed to set unsafe attribute "is_coating" of "WorkOrderCuttingDetail".
in /home/pmahendro/public_html/sinarputra/protected/modules/manufacture/controllers/WorkOrderCuttingController.php (57)
in /home/pmahendro/public_html/sinarputra/protected/modules/manufacture/controllers/WorkOrderCuttingController.php (429)
in /home/pmahendro/public_html/sinarputra/protected/modules/manufacture/controllers/WorkOrderCuttingController.php (27)
2026/09/12 22:38:56 [warning] [application] Failed to set unsafe attribute "is_coating" of "WorkOrderCuttingDetail".
in /home/pmahendro/public_html/sinarputra/protected/modules/manufacture/controllers/WorkOrderCuttingController.php (57)
in /home/pmahendro/public_html/sinarputra/protected/modules/manufacture/controllers/WorkOrderCuttingController.php (429)
in /home/pmahendro/public_html/sinarputra/protected/modules/manufacture/controllers/WorkOrderCuttingController.php (27)
2026/09/12 22:38:56 [warning] [application] Failed to set unsafe attribute "is_coating" of "WorkOrderCuttingDetail".
in /home/pmahendro/public_html/sinarputra/protected/modules/manufacture/controllers/WorkOrderCuttingController.php (57)
in /home/pmahendro/public_html/sinarputra/protected/modules/manufacture/controllers/WorkOrderCuttingController.php (429)
in /home/pmahendro/public_html/sinarputra/protected/modules/manufacture/controllers/WorkOrderCuttingController.php (27)
2026/09/12 22:38:56 [warning] [application] Failed to set unsafe attribute "is_coating" of "WorkOrderCuttingDetail".
in /home/pmahendro/public_html/sinarputra/protected/modules/manufacture/controllers/WorkOrderCuttingController.php (57)
in /home/pmahendro/public_html/sinarputra/protected/modules/manufacture/controllers/WorkOrderCuttingController.php (429)
in /home/pmahendro/public_html/sinarputra/protected/modules/manufacture/controllers/WorkOrderCuttingController.php (27)
2026/09/12 22:38:56 [warning] [application] Failed to set unsafe attribute "is_coating" of "WorkOrderCuttingDetail".
in /home/pmahendro/public_html/sinarputra/protected/modules/manufacture/controllers/WorkOrderCuttingController.php (57)
in /home/pmahendro/public_html/sinarputra/protected/modules/manufacture/controllers/WorkOrderCuttingController.php (429)
in /home/pmahendro/public_html/sinarputra/protected/modules/manufacture/controllers/WorkOrderCuttingController.php (27)
2026/09/12 22:38:56 [warning] [application] Failed to set unsafe attribute "is_coating" of "WorkOrderCuttingDetail".
in /home/pmahendro/public_html/sinarputra/protected/modules/manufacture/controllers/WorkOrderCuttingController.php (57)
in /home/pmahendro/public_html/sinarputra/protected/modules/manufacture/controllers/WorkOrderCuttingController.php (429)
in /home/pmahendro/public_html/sinarputra/protected/modules/manufacture/controllers/WorkOrderCuttingController.php (27)
2026/09/12 22:38:57 [warning] [application] Failed to set unsafe attribute "is_coating" of "WorkOrderCuttingDetail".
in /home/pmahendro/public_html/sinarputra/protected/modules/manufacture/controllers/WorkOrderCuttingController.php (57)
in /home/pmahendro/public_html/sinarputra/protected/modules/manufacture/controllers/WorkOrderCuttingController.php (429)
in /home/pmahendro/public_html/sinarputra/protected/modules/manufacture/controllers/WorkOrderCuttingController.php (27)
2026/09/12 22:38:57 [warning] [application] Failed to set unsafe attribute "is_coating" of "WorkOrderCuttingDetail".
in /home/pmahendro/public_html/sinarputra/protected/modules/manufacture/controllers/WorkOrderCuttingController.php (57)
in /home/pmahendro/public_html/sinarputra/protected/modules/manufacture/controllers/WorkOrderCuttingController.php (429)
in /home/pmahendro/public_html/sinarputra/protected/modules/manufacture/controllers/WorkOrderCuttingController.php (27)
2026/09/12 22:38:57 [warning] [application] Failed to set unsafe attribute "is_coating" of "WorkOrderCuttingDetail".
in /home/pmahendro/public_html/sinarputra/protected/modules/manufacture/controllers/WorkOrderCuttingController.php (57)
in /home/pmahendro/public_html/sinarputra/protected/modules/manufacture/controllers/WorkOrderCuttingController.php (429)
in /home/pmahendro/public_html/sinarputra/protected/modules/manufacture/controllers/WorkOrderCuttingController.php (27)
2026/09/12 22:38:57 [warning] [application] Failed to set unsafe attribute "is_coating" of "WorkOrderCuttingDetail".
in /home/pmahendro/public_html/sinarputra/protected/modules/manufacture/controllers/WorkOrderCuttingController.php (57)
in /home/pmahendro/public_html/sinarputra/protected/modules/manufacture/controllers/WorkOrderCuttingController.php (429)
in /home/pmahendro/public_html/sinarputra/protected/modules/manufacture/controllers/WorkOrderCuttingController.php (27)
2026/09/12 22:38:57 [warning] [application] Failed to set unsafe attribute "is_coating" of "WorkOrderCuttingDetail".
in /home/pmahendro/public_html/sinarputra/protected/modules/manufacture/controllers/WorkOrderCuttingController.php (57)
in /home/pmahendro/public_html/sinarputra/protected/modules/manufacture/controllers/WorkOrderCuttingController.php (429)
in /home/pmahendro/public_html/sinarputra/protected/modules/manufacture/controllers/WorkOrderCuttingController.php (27)
2026/09/12 22:38:57 [warning] [application] Failed to set unsafe attribute "is_coating" of "WorkOrderCuttingDetail".
in /home/pmahendro/public_html/sinarputra/protected/modules/manufacture/controllers/WorkOrderCuttingController.php (57)
in /home/pmahendro/public_html/sinarputra/protected/modules/manufacture/controllers/WorkOrderCuttingController.php (429)
in /home/pmahendro/public_html/sinarputra/protected/modules/manufacture/controllers/WorkOrderCuttingController.php (27)
2026/09/12 22:38:57 [warning] [application] Failed to set unsafe attribute "is_coating" of "WorkOrderCuttingDetail".
in /home/pmahendro/public_html/sinarputra/protected/modules/manufacture/controllers/WorkOrderCuttingController.php (57)
in /home/pmahendro/public_html/sinarputra/protected/modules/manufacture/controllers/WorkOrderCuttingController.php (429)
in /home/pmahendro/public_html/sinarputra/protected/modules/manufacture/controllers/WorkOrderCuttingController.php (27)
2026/09/12 22:38:57 [warning] [application] Failed to set unsafe attribute "is_coating" of "WorkOrderCuttingDetail".
in /home/pmahendro/public_html/sinarputra/protected/modules/manufacture/controllers/WorkOrderCuttingController.php (57)
in /home/pmahendro/public_html/sinarputra/protected/modules/manufacture/controllers/WorkOrderCuttingController.php (429)
in /home/pmahendro/public_html/sinarputra/protected/modules/manufacture/controllers/WorkOrderCuttingController.php (27)
2026/09/12 22:38:57 [warning] [application] Failed to set unsafe attribute "is_coating" of "WorkOrderCuttingDetail".
in /home/pmahendro/public_html/sinarputra/protected/modules/manufacture/controllers/WorkOrderCuttingController.php (57)
in /home/pmahendro/public_html/sinarputra/protected/modules/manufacture/controllers/WorkOrderCuttingController.php (429)
in /home/pmahendro/public_html/sinarputra/protected/modules/manufacture/controllers/WorkOrderCuttingController.php (27)
2026/09/12 22:38:57 [warning] [application] Failed to set unsafe attribute "is_coating" of "WorkOrderCuttingDetail".
in /home/pmahendro/public_html/sinarputra/protected/modules/manufacture/controllers/WorkOrderCuttingController.php (57)
in /home/pmahendro/public_html/sinarputra/protected/modules/manufacture/controllers/WorkOrderCuttingController.php (429)
in /home/pmahendro/public_html/sinarputra/protected/modules/manufacture/controllers/WorkOrderCuttingController.php (27)
2026/09/12 22:38:57 [warning] [application] Failed to set unsafe attribute "is_coating" of "WorkOrderCuttingDetail".
in /home/pmahendro/public_html/sinarputra/protected/modules/manufacture/controllers/WorkOrderCuttingController.php (57)
in /home/pmahendro/public_html/sinarputra/protected/modules/manufacture/controllers/WorkOrderCuttingController.php (429)
in /home/pmahendro/public_html/sinarputra/protected/modules/manufacture/controllers/WorkOrderCuttingController.php (27)
2026/09/12 22:38:57 [warning] [application] Failed to set unsafe attribute "is_coating" of "WorkOrderCuttingDetail".
in /home/pmahendro/public_html/sinarputra/protected/modules/manufacture/controllers/WorkOrderCuttingController.php (57)
in /home/pmahendro/public_html/sinarputra/protected/modules/manufacture/controllers/WorkOrderCuttingController.php (429)
in /home/pmahendro/public_html/sinarputra/protected/modules/manufacture/controllers/WorkOrderCuttingController.php (27)
2026/09/12 22:38:57 [warning] [application] Failed to set unsafe attribute "is_coating" of "WorkOrderCuttingDetail".
in /home/pmahendro/public_html/sinarputra/protected/modules/manufacture/controllers/WorkOrderCuttingController.php (57)
in /home/pmahendro/public_html/sinarputra/protected/modules/manufacture/controllers/WorkOrderCuttingController.php (429)
in /home/pmahendro/public_html/sinarputra/protected/modules/manufacture/controllers/WorkOrderCuttingController.php (27)
2026/09/12 22:38:57 [warning] [application] Failed to set unsafe attribute "is_coating" of "WorkOrderCuttingDetail".
in /home/pmahendro/public_html/sinarputra/protected/modules/manufacture/controllers/WorkOrderCuttingController.php (57)
in /home/pmahendro/public_html/sinarputra/protected/modules/manufacture/controllers/WorkOrderCuttingController.php (429)
in /home/pmahendro/public_html/sinarputra/protected/modules/manufacture/controllers/WorkOrderCuttingController.php (27)
2026/09/12 22:38:57 [warning] [application] Failed to set unsafe attribute "is_coating" of "WorkOrderCuttingDetail".
in /home/pmahendro/public_html/sinarputra/protected/modules/manufacture/controllers/WorkOrderCuttingController.php (57)
in /home/pmahendro/public_html/sinarputra/protected/modules/manufacture/controllers/WorkOrderCuttingController.php (429)
in /home/pmahendro/public_html/sinarputra/protected/modules/manufacture/controllers/WorkOrderCuttingController.php (27)
2026/09/12 22:38:57 [warning] [application] Failed to set unsafe attribute "is_coating" of "WorkOrderCuttingDetail".
in /home/pmahendro/public_html/sinarputra/protected/modules/manufacture/controllers/WorkOrderCuttingController.php (57)
in /home/pmahendro/public_html/sinarputra/protected/modules/manufacture/controllers/WorkOrderCuttingController.php (429)
in /home/pmahendro/public_html/sinarputra/protected/modules/manufacture/controllers/WorkOrderCuttingController.php (27)
2026/09/12 22:38:57 [warning] [application] Failed to set unsafe attribute "is_coating" of "WorkOrderCuttingDetail".
in /home/pmahendro/public_html/sinarputra/protected/modules/manufacture/controllers/WorkOrderCuttingController.php (57)
in /home/pmahendro/public_html/sinarputra/protected/modules/manufacture/controllers/WorkOrderCuttingController.php (429)
in /home/pmahendro/public_html/sinarputra/protected/modules/manufacture/controllers/WorkOrderCuttingController.php (27)
2026/09/12 22:38:57 [warning] [application] Failed to set unsafe attribute "is_coating" of "WorkOrderCuttingDetail".
in /home/pmahendro/public_html/sinarputra/protected/modules/manufacture/controllers/WorkOrderCuttingController.php (57)
in /home/pmahendro/public_html/sinarputra/protected/modules/manufacture/controllers/WorkOrderCuttingController.php (429)
in /home/pmahendro/public_html/sinarputra/protected/modules/manufacture/controllers/WorkOrderCuttingController.php (27)
2026/09/12 22:38:57 [warning] [application] Failed to set unsafe attribute "is_coating" of "WorkOrderCuttingDetail".
in /home/pmahendro/public_html/sinarputra/protected/modules/manufacture/controllers/WorkOrderCuttingController.php (57)
in /home/pmahendro/public_html/sinarputra/protected/modules/manufacture/controllers/WorkOrderCuttingController.php (429)
in /home/pmahendro/public_html/sinarputra/protected/modules/manufacture/controllers/WorkOrderCuttingController.php (27)
2026/09/12 22:38:57 [warning] [application] Failed to set unsafe attribute "is_coating" of "WorkOrderCuttingDetail".
in /home/pmahendro/public_html/sinarputra/protected/modules/manufacture/controllers/WorkOrderCuttingController.php (57)
in /home/pmahendro/public_html/sinarputra/protected/modules/manufacture/controllers/WorkOrderCuttingController.php (429)
in /home/pmahendro/public_html/sinarputra/protected/modules/manufacture/controllers/WorkOrderCuttingController.php (27)
2026/09/12 22:38:57 [warning] [application] Failed to set unsafe attribute "is_coating" of "WorkOrderCuttingDetail".
in /home/pmahendro/public_html/sinarputra/protected/modules/manufacture/controllers/WorkOrderCuttingController.php (57)
in /home/pmahendro/public_html/sinarputra/protected/modules/manufacture/controllers/WorkOrderCuttingController.php (429)
in /home/pmahendro/public_html/sinarputra/protected/modules/manufacture/controllers/WorkOrderCuttingController.php (27)
2026/09/12 22:38:57 [warning] [application] Failed to set unsafe attribute "is_coating" of "WorkOrderCuttingDetail".
in /home/pmahendro/public_html/sinarputra/protected/modules/manufacture/controllers/WorkOrderCuttingController.php (57)
in /home/pmahendro/public_html/sinarputra/protected/modules/manufacture/controllers/WorkOrderCuttingController.php (429)
in /home/pmahendro/public_html/sinarputra/protected/modules/manufacture/controllers/WorkOrderCuttingController.php (27)
2026/09/12 22:38:57 [warning] [application] Failed to set unsafe attribute "is_coating" of "WorkOrderCuttingDetail".
in /home/pmahendro/public_html/sinarputra/protected/modules/manufacture/controllers/WorkOrderCuttingController.php (57)
in /home/pmahendro/public_html/sinarputra/protected/modules/manufacture/controllers/WorkOrderCuttingController.php (429)
in /home/pmahendro/public_html/sinarputra/protected/modules/manufacture/controllers/WorkOrderCuttingController.php (27)
2026/09/12 22:38:58 [warning] [application] Failed to set unsafe attribute "is_coating" of "WorkOrderCuttingDetail".
in /home/pmahendro/public_html/sinarputra/protected/modules/manufacture/controllers/WorkOrderCuttingController.php (57)
in /home/pmahendro/public_html/sinarputra/protected/modules/manufacture/controllers/WorkOrderCuttingController.php (429)
in /home/pmahendro/public_html/sinarputra/protected/modules/manufacture/controllers/WorkOrderCuttingController.php (27)
2026/09/12 22:38:58 [warning] [application] Failed to set unsafe attribute "is_coating" of "WorkOrderCuttingDetail".
in /home/pmahendro/public_html/sinarputra/protected/modules/manufacture/controllers/WorkOrderCuttingController.php (57)
in /home/pmahendro/public_html/sinarputra/protected/modules/manufacture/controllers/WorkOrderCuttingController.php (429)
in /home/pmahendro/public_html/sinarputra/protected/modules/manufacture/controllers/WorkOrderCuttingController.php (27)
2026/09/12 22:38:58 [warning] [application] Failed to set unsafe attribute "is_coating" of "WorkOrderCuttingDetail".
in /home/pmahendro/public_html/sinarputra/protected/modules/manufacture/controllers/WorkOrderCuttingController.php (57)
in /home/pmahendro/public_html/sinarputra/protected/modules/manufacture/controllers/WorkOrderCuttingController.php (429)
in /home/pmahendro/public_html/sinarputra/protected/modules/manufacture/controllers/WorkOrderCuttingController.php (27)
2026/09/12 22:38:58 [warning] [application] Failed to set unsafe attribute "is_coating" of "WorkOrderCuttingDetail".
in /home/pmahendro/public_html/sinarputra/protected/modules/manufacture/controllers/WorkOrderCuttingController.php (57)
in /home/pmahendro/public_html/sinarputra/protected/modules/manufacture/controllers/WorkOrderCuttingController.php (429)
in /home/pmahendro/public_html/sinarputra/protected/modules/manufacture/controllers/WorkOrderCuttingController.php (27)
2026/09/12 22:38:58 [warning] [application] Failed to set unsafe attribute "is_coating" of "WorkOrderCuttingDetail".
in /home/pmahendro/public_html/sinarputra/protected/modules/manufacture/controllers/WorkOrderCuttingController.php (57)
in /home/pmahendro/public_html/sinarputra/protected/modules/manufacture/controllers/WorkOrderCuttingController.php (429)
in /home/pmahendro/public_html/sinarputra/protected/modules/manufacture/controllers/WorkOrderCuttingController.php (27)
2026/09/12 22:38:58 [warning] [application] Failed to set unsafe attribute "is_coating" of "WorkOrderCuttingDetail".
in /home/pmahendro/public_html/sinarputra/protected/modules/manufacture/controllers/WorkOrderCuttingController.php (57)
in /home/pmahendro/public_html/sinarputra/protected/modules/manufacture/controllers/WorkOrderCuttingController.php (429)
in /home/pmahendro/public_html/sinarputra/protected/modules/manufacture/controllers/WorkOrderCuttingController.php (27)
2026/09/12 22:38:58 [warning] [application] Failed to set unsafe attribute "is_coating" of "WorkOrderCuttingDetail".
in /home/pmahendro/public_html/sinarputra/protected/modules/manufacture/controllers/WorkOrderCuttingController.php (57)
in /home/pmahendro/public_html/sinarputra/protected/modules/manufacture/controllers/WorkOrderCuttingController.php (429)
in /home/pmahendro/public_html/sinarputra/protected/modules/manufacture/controllers/WorkOrderCuttingController.php (27)
2026/09/12 22:38:58 [warning] [application] Failed to set unsafe attribute "is_coating" of "WorkOrderCuttingDetail".
in /home/pmahendro/public_html/sinarputra/protected/modules/manufacture/controllers/WorkOrderCuttingController.php (57)
in /home/pmahendro/public_html/sinarputra/protected/modules/manufacture/controllers/WorkOrderCuttingController.php (429)
in /home/pmahendro/public_html/sinarputra/protected/modules/manufacture/controllers/WorkOrderCuttingController.php (27)
2026/09/12 22:38:58 [warning] [application] Failed to set unsafe attribute "is_coating" of "WorkOrderCuttingDetail".
in /home/pmahendro/public_html/sinarputra/protected/modules/manufacture/controllers/WorkOrderCuttingController.php (57)
in /home/pmahendro/public_html/sinarputra/protected/modules/manufacture/controllers/WorkOrderCuttingController.php (429)
in /home/pmahendro/public_html/sinarputra/protected/modules/manufacture/controllers/WorkOrderCuttingController.php (27)
2026/09/12 22:38:58 [warning] [application] Failed to set unsafe attribute "is_coating" of "WorkOrderCuttingDetail".
in /home/pmahendro/public_html/sinarputra/protected/modules/manufacture/controllers/WorkOrderCuttingController.php (57)
in /home/pmahendro/public_html/sinarputra/protected/modules/manufacture/controllers/WorkOrderCuttingController.php (429)
in /home/pmahendro/public_html/sinarputra/protected/modules/manufacture/controllers/WorkOrderCuttingController.php (27)
2026/09/12 22:38:58 [warning] [application] Failed to set unsafe attribute "is_coating" of "WorkOrderCuttingDetail".
in /home/pmahendro/public_html/sinarputra/protected/modules/manufacture/controllers/WorkOrderCuttingController.php (57)
in /home/pmahendro/public_html/sinarputra/protected/modules/manufacture/controllers/WorkOrderCuttingController.php (429)
in /home/pmahendro/public_html/sinarputra/protected/modules/manufacture/controllers/WorkOrderCuttingController.php (27)
2026/09/12 22:38:58 [warning] [application] Failed to set unsafe attribute "is_coating" of "WorkOrderCuttingDetail".
in /home/pmahendro/public_html/sinarputra/protected/modules/manufacture/controllers/WorkOrderCuttingController.php (57)
in /home/pmahendro/public_html/sinarputra/protected/modules/manufacture/controllers/WorkOrderCuttingController.php (429)
in /home/pmahendro/public_html/sinarputra/protected/modules/manufacture/controllers/WorkOrderCuttingController.php (27)
2026/09/12 22:38:58 [warning] [application] Failed to set unsafe attribute "is_coating" of "WorkOrderCuttingDetail".
in /home/pmahendro/public_html/sinarputra/protected/modules/manufacture/controllers/WorkOrderCuttingController.php (57)
in /home/pmahendro/public_html/sinarputra/protected/modules/manufacture/controllers/WorkOrderCuttingController.php (429)
in /home/pmahendro/public_html/sinarputra/protected/modules/manufacture/controllers/WorkOrderCuttingController.php (27)
2026/09/12 22:38:58 [warning] [application] Failed to set unsafe attribute "is_coating" of "WorkOrderCuttingDetail".
in /home/pmahendro/public_html/sinarputra/protected/modules/manufacture/controllers/WorkOrderCuttingController.php (57)
in /home/pmahendro/public_html/sinarputra/protected/modules/manufacture/controllers/WorkOrderCuttingController.php (429)
in /home/pmahendro/public_html/sinarputra/protected/modules/manufacture/controllers/WorkOrderCuttingController.php (27)
2026/09/12 22:38:58 [warning] [application] Failed to set unsafe attribute "is_coating" of "WorkOrderCuttingDetail".
in /home/pmahendro/public_html/sinarputra/protected/modules/manufacture/controllers/WorkOrderCuttingController.php (57)
in /home/pmahendro/public_html/sinarputra/protected/modules/manufacture/controllers/WorkOrderCuttingController.php (429)
in /home/pmahendro/public_html/sinarputra/protected/modules/manufacture/controllers/WorkOrderCuttingController.php (27)
2026/09/12 22:38:58 [warning] [application] Failed to set unsafe attribute "is_coating" of "WorkOrderCuttingDetail".
in /home/pmahendro/public_html/sinarputra/protected/modules/manufacture/controllers/WorkOrderCuttingController.php (57)
in /home/pmahendro/public_html/sinarputra/protected/modules/manufacture/controllers/WorkOrderCuttingController.php (429)
in /home/pmahendro/public_html/sinarputra/protected/modules/manufacture/controllers/WorkOrderCuttingController.php (27)
2026/09/12 22:38:58 [warning] [application] Failed to set unsafe attribute "is_coating" of "WorkOrderCuttingDetail".
in /home/pmahendro/public_html/sinarputra/protected/modules/manufacture/controllers/WorkOrderCuttingController.php (57)
in /home/pmahendro/public_html/sinarputra/protected/modules/manufacture/controllers/WorkOrderCuttingController.php (429)
in /home/pmahendro/public_html/sinarputra/protected/modules/manufacture/controllers/WorkOrderCuttingController.php (27)
2026/09/12 22:38:58 [warning] [application] Failed to set unsafe attribute "is_coating" of "WorkOrderCuttingDetail".
in /home/pmahendro/public_html/sinarputra/protected/modules/manufacture/controllers/WorkOrderCuttingController.php (57)
in /home/pmahendro/public_html/sinarputra/protected/modules/manufacture/controllers/WorkOrderCuttingController.php (429)
in /home/pmahendro/public_html/sinarputra/protected/modules/manufacture/controllers/WorkOrderCuttingController.php (27)
2026/09/12 22:38:58 [warning] [application] Failed to set unsafe attribute "is_coating" of "WorkOrderCuttingDetail".
in /home/pmahendro/public_html/sinarputra/protected/modules/manufacture/controllers/WorkOrderCuttingController.php (57)
in /home/pmahendro/public_html/sinarputra/protected/modules/manufacture/controllers/WorkOrderCuttingController.php (429)
in /home/pmahendro/public_html/sinarputra/protected/modules/manufacture/controllers/WorkOrderCuttingController.php (27)
2026/09/12 22:38:58 [warning] [application] Failed to set unsafe attribute "is_coating" of "WorkOrderCuttingDetail".
in /home/pmahendro/public_html/sinarputra/protected/modules/manufacture/controllers/WorkOrderCuttingController.php (57)
in /home/pmahendro/public_html/sinarputra/protected/modules/manufacture/controllers/WorkOrderCuttingController.php (429)
in /home/pmahendro/public_html/sinarputra/protected/modules/manufacture/controllers/WorkOrderCuttingController.php (27)
2026/09/12 22:38:58 [warning] [application] Failed to set unsafe attribute "is_coating" of "WorkOrderCuttingDetail".
in /home/pmahendro/public_html/sinarputra/protected/modules/manufacture/controllers/WorkOrderCuttingController.php (57)
in /home/pmahendro/public_html/sinarputra/protected/modules/manufacture/controllers/WorkOrderCuttingController.php (429)
in /home/pmahendro/public_html/sinarputra/protected/modules/manufacture/controllers/WorkOrderCuttingController.php (27)
2026/09/12 22:38:58 [warning] [application] Failed to set unsafe attribute "is_coating" of "WorkOrderCuttingDetail".
in /home/pmahendro/public_html/sinarputra/protected/modules/manufacture/controllers/WorkOrderCuttingController.php (57)
in /home/pmahendro/public_html/sinarputra/protected/modules/manufacture/controllers/WorkOrderCuttingController.php (429)
in /home/pmahendro/public_html/sinarputra/protected/modules/manufacture/controllers/WorkOrderCuttingController.php (27)
2026/09/12 22:38:58 [warning] [application] Failed to set unsafe attribute "is_coating" of "WorkOrderCuttingDetail".
in /home/pmahendro/public_html/sinarputra/protected/modules/manufacture/controllers/WorkOrderCuttingController.php (57)
in /home/pmahendro/public_html/sinarputra/protected/modules/manufacture/controllers/WorkOrderCuttingController.php (429)
in /home/pmahendro/public_html/sinarputra/protected/modules/manufacture/controllers/WorkOrderCuttingController.php (27)
2026/09/12 22:38:58 [warning] [application] Failed to set unsafe attribute "is_coating" of "WorkOrderCuttingDetail".
in /home/pmahendro/public_html/sinarputra/protected/modules/manufacture/controllers/WorkOrderCuttingController.php (57)
in /home/pmahendro/public_html/sinarputra/protected/modules/manufacture/controllers/WorkOrderCuttingController.php (429)
in /home/pmahendro/public_html/sinarputra/protected/modules/manufacture/controllers/WorkOrderCuttingController.php (27)
2026/09/12 22:38:58 [warning] [application] Failed to set unsafe attribute "is_coating" of "WorkOrderCuttingDetail".
in /home/pmahendro/public_html/sinarputra/protected/modules/manufacture/controllers/WorkOrderCuttingController.php (57)
in /home/pmahendro/public_html/sinarputra/protected/modules/manufacture/controllers/WorkOrderCuttingController.php (429)
in /home/pmahendro/public_html/sinarputra/protected/modules/manufacture/controllers/WorkOrderCuttingController.php (27)
2026/09/12 22:38:58 [warning] [application] Failed to set unsafe attribute "is_coating" of "WorkOrderCuttingDetail".
in /home/pmahendro/public_html/sinarputra/protected/modules/manufacture/controllers/WorkOrderCuttingController.php (57)
in /home/pmahendro/public_html/sinarputra/protected/modules/manufacture/controllers/WorkOrderCuttingController.php (429)
in /home/pmahendro/public_html/sinarputra/protected/modules/manufacture/controllers/WorkOrderCuttingController.php (27)
2026/09/12 22:38:58 [warning] [application] Failed to set unsafe attribute "is_coating" of "WorkOrderCuttingDetail".
in /home/pmahendro/public_html/sinarputra/protected/modules/manufacture/controllers/WorkOrderCuttingController.php (57)
in /home/pmahendro/public_html/sinarputra/protected/modules/manufacture/controllers/WorkOrderCuttingController.php (429)
in /home/pmahendro/public_html/sinarputra/protected/modules/manufacture/controllers/WorkOrderCuttingController.php (27)
2026/09/12 22:38:59 [warning] [application] Failed to set unsafe attribute "is_coating" of "WorkOrderCuttingDetail".
in /home/pmahendro/public_html/sinarputra/protected/modules/manufacture/controllers/WorkOrderCuttingController.php (57)
in /home/pmahendro/public_html/sinarputra/protected/modules/manufacture/controllers/WorkOrderCuttingController.php (429)
in /home/pmahendro/public_html/sinarputra/protected/modules/manufacture/controllers/WorkOrderCuttingController.php (27)
2026/09/12 22:38:59 [warning] [application] Failed to set unsafe attribute "is_coating" of "WorkOrderCuttingDetail".
in /home/pmahendro/public_html/sinarputra/protected/modules/manufacture/controllers/WorkOrderCuttingController.php (57)
in /home/pmahendro/public_html/sinarputra/protected/modules/manufacture/controllers/WorkOrderCuttingController.php (429)
in /home/pmahendro/public_html/sinarputra/protected/modules/manufacture/controllers/WorkOrderCuttingController.php (27)
2026/09/12 22:38:59 [warning] [application] Failed to set unsafe attribute "is_coating" of "WorkOrderCuttingDetail".
in /home/pmahendro/public_html/sinarputra/protected/modules/manufacture/controllers/WorkOrderCuttingController.php (57)
in /home/pmahendro/public_html/sinarputra/protected/modules/manufacture/controllers/WorkOrderCuttingController.php (429)
in /home/pmahendro/public_html/sinarputra/protected/modules/manufacture/controllers/WorkOrderCuttingController.php (27)
2026/09/12 22:38:59 [warning] [application] Failed to set unsafe attribute "is_coating" of "WorkOrderCuttingDetail".
in /home/pmahendro/public_html/sinarputra/protected/modules/manufacture/controllers/WorkOrderCuttingController.php (57)
in /home/pmahendro/public_html/sinarputra/protected/modules/manufacture/controllers/WorkOrderCuttingController.php (429)
in /home/pmahendro/public_html/sinarputra/protected/modules/manufacture/controllers/WorkOrderCuttingController.php (27)
2026/09/12 22:38:59 [warning] [application] Failed to set unsafe attribute "is_coating" of "WorkOrderCuttingDetail".
in /home/pmahendro/public_html/sinarputra/protected/modules/manufacture/controllers/WorkOrderCuttingController.php (57)
in /home/pmahendro/public_html/sinarputra/protected/modules/manufacture/controllers/WorkOrderCuttingController.php (429)
in /home/pmahendro/public_html/sinarputra/protected/modules/manufacture/controllers/WorkOrderCuttingController.php (27)
2026/09/12 22:38:59 [warning] [application] Failed to set unsafe attribute "is_coating" of "WorkOrderCuttingDetail".
in /home/pmahendro/public_html/sinarputra/protected/modules/manufacture/controllers/WorkOrderCuttingController.php (57)
in /home/pmahendro/public_html/sinarputra/protected/modules/manufacture/controllers/WorkOrderCuttingController.php (429)
in /home/pmahendro/public_html/sinarputra/protected/modules/manufacture/controllers/WorkOrderCuttingController.php (27)
2026/09/12 22:38:59 [warning] [application] Failed to set unsafe attribute "is_coating" of "WorkOrderCuttingDetail".
in /home/pmahendro/public_html/sinarputra/protected/modules/manufacture/controllers/WorkOrderCuttingController.php (57)
in /home/pmahendro/public_html/sinarputra/protected/modules/manufacture/controllers/WorkOrderCuttingController.php (429)
in /home/pmahendro/public_html/sinarputra/protected/modules/manufacture/controllers/WorkOrderCuttingController.php (27)
2026/09/12 22:38:59 [warning] [application] Failed to set unsafe attribute "is_coating" of "WorkOrderCuttingDetail".
in /home/pmahendro/public_html/sinarputra/protected/modules/manufacture/controllers/WorkOrderCuttingController.php (57)
in /home/pmahendro/public_html/sinarputra/protected/modules/manufacture/controllers/WorkOrderCuttingController.php (429)
in /home/pmahendro/public_html/sinarputra/protected/modules/manufacture/controllers/WorkOrderCuttingController.php (27)
2026/09/12 22:38:59 [warning] [application] Failed to set unsafe attribute "is_coating" of "WorkOrderCuttingDetail".
in /home/pmahendro/public_html/sinarputra/protected/modules/manufacture/controllers/WorkOrderCuttingController.php (57)
in /home/pmahendro/public_html/sinarputra/protected/modules/manufacture/controllers/WorkOrderCuttingController.php (429)
in /home/pmahendro/public_html/sinarputra/protected/modules/manufacture/controllers/WorkOrderCuttingController.php (27)
2026/09/12 22:38:59 [warning] [application] Failed to set unsafe attribute "is_coating" of "WorkOrderCuttingDetail".
in /home/pmahendro/public_html/sinarputra/protected/modules/manufacture/controllers/WorkOrderCuttingController.php (57)
in /home/pmahendro/public_html/sinarputra/protected/modules/manufacture/controllers/WorkOrderCuttingController.php (429)
in /home/pmahendro/public_html/sinarputra/protected/modules/manufacture/controllers/WorkOrderCuttingController.php (27)
2026/09/12 22:38:59 [warning] [application] Failed to set unsafe attribute "is_coating" of "WorkOrderCuttingDetail".
in /home/pmahendro/public_html/sinarputra/protected/modules/manufacture/controllers/WorkOrderCuttingController.php (57)
in /home/pmahendro/public_html/sinarputra/protected/modules/manufacture/controllers/WorkOrderCuttingController.php (429)
in /home/pmahendro/public_html/sinarputra/protected/modules/manufacture/controllers/WorkOrderCuttingController.php (27)
2026/09/12 22:38:59 [warning] [application] Failed to set unsafe attribute "is_coating" of "WorkOrderCuttingDetail".
in /home/pmahendro/public_html/sinarputra/protected/modules/manufacture/controllers/WorkOrderCuttingController.php (57)
in /home/pmahendro/public_html/sinarputra/protected/modules/manufacture/controllers/WorkOrderCuttingController.php (429)
in /home/pmahendro/public_html/sinarputra/protected/modules/manufacture/controllers/WorkOrderCuttingController.php (27)
2026/09/12 22:38:59 [warning] [application] Failed to set unsafe attribute "is_coating" of "WorkOrderCuttingDetail".
in /home/pmahendro/public_html/sinarputra/protected/modules/manufacture/controllers/WorkOrderCuttingController.php (57)
in /home/pmahendro/public_html/sinarputra/protected/modules/manufacture/controllers/WorkOrderCuttingController.php (429)
in /home/pmahendro/public_html/sinarputra/protected/modules/manufacture/controllers/WorkOrderCuttingController.php (27)
2026/09/12 22:39:00 [warning] [application] Failed to set unsafe attribute "is_coating" of "WorkOrderCuttingDetail".
in /home/pmahendro/public_html/sinarputra/protected/modules/manufacture/controllers/WorkOrderCuttingController.php (57)
in /home/pmahendro/public_html/sinarputra/protected/modules/manufacture/controllers/WorkOrderCuttingController.php (429)
in /home/pmahendro/public_html/sinarputra/protected/modules/manufacture/controllers/WorkOrderCuttingController.php (27)
2026/09/12 22:39:00 [warning] [application] Failed to set unsafe attribute "is_coating" of "WorkOrderCuttingDetail".
in /home/pmahendro/public_html/sinarputra/protected/modules/manufacture/controllers/WorkOrderCuttingController.php (57)
in /home/pmahendro/public_html/sinarputra/protected/modules/manufacture/controllers/WorkOrderCuttingController.php (429)
in /home/pmahendro/public_html/sinarputra/protected/modules/manufacture/controllers/WorkOrderCuttingController.php (27)
2026/09/12 22:39:00 [warning] [application] Failed to set unsafe attribute "is_coating" of "WorkOrderCuttingDetail".
in /home/pmahendro/public_html/sinarputra/protected/modules/manufacture/controllers/WorkOrderCuttingController.php (57)
in /home/pmahendro/public_html/sinarputra/protected/modules/manufacture/controllers/WorkOrderCuttingController.php (429)
in /home/pmahendro/public_html/sinarputra/protected/modules/manufacture/controllers/WorkOrderCuttingController.php (27)
2026/09/12 22:39:00 [warning] [application] Failed to set unsafe attribute "is_coating" of "WorkOrderCuttingDetail".
in /home/pmahendro/public_html/sinarputra/protected/modules/manufacture/controllers/WorkOrderCuttingController.php (57)
in /home/pmahendro/public_html/sinarputra/protected/modules/manufacture/controllers/WorkOrderCuttingController.php (429)
in /home/pmahendro/public_html/sinarputra/protected/modules/manufacture/controllers/WorkOrderCuttingController.php (27)
2026/09/12 22:39:00 [warning] [application] Failed to set unsafe attribute "is_coating" of "WorkOrderCuttingDetail".
in /home/pmahendro/public_html/sinarputra/protected/modules/manufacture/controllers/WorkOrderCuttingController.php (57)
in /home/pmahendro/public_html/sinarputra/protected/modules/manufacture/controllers/WorkOrderCuttingController.php (429)
in /home/pmahendro/public_html/sinarputra/protected/modules/manufacture/controllers/WorkOrderCuttingController.php (27)
2026/09/12 22:39:00 [warning] [application] Failed to set unsafe attribute "is_coating" of "WorkOrderCuttingDetail".
in /home/pmahendro/public_html/sinarputra/protected/modules/manufacture/controllers/WorkOrderCuttingController.php (57)
in /home/pmahendro/public_html/sinarputra/protected/modules/manufacture/controllers/WorkOrderCuttingController.php (429)
in /home/pmahendro/public_html/sinarputra/protected/modules/manufacture/controllers/WorkOrderCuttingController.php (27)
2026/09/12 22:39:00 [warning] [application] Failed to set unsafe attribute "is_coating" of "WorkOrderCuttingDetail".
in /home/pmahendro/public_html/sinarputra/protected/modules/manufacture/controllers/WorkOrderCuttingController.php (57)
in /home/pmahendro/public_html/sinarputra/protected/modules/manufacture/controllers/WorkOrderCuttingController.php (429)
in /home/pmahendro/public_html/sinarputra/protected/modules/manufacture/controllers/WorkOrderCuttingController.php (27)
2026/09/12 22:39:00 [warning] [application] Failed to set unsafe attribute "is_coating" of "WorkOrderCuttingDetail".
in /home/pmahendro/public_html/sinarputra/protected/modules/manufacture/controllers/WorkOrderCuttingController.php (57)
in /home/pmahendro/public_html/sinarputra/protected/modules/manufacture/controllers/WorkOrderCuttingController.php (429)
in /home/pmahendro/public_html/sinarputra/protected/modules/manufacture/controllers/WorkOrderCuttingController.php (27)
2026/09/12 22:39:00 [warning] [application] Failed to set unsafe attribute "is_coating" of "WorkOrderCuttingDetail".
in /home/pmahendro/public_html/sinarputra/protected/modules/manufacture/controllers/WorkOrderCuttingController.php (57)
in /home/pmahendro/public_html/sinarputra/protected/modules/manufacture/controllers/WorkOrderCuttingController.php (429)
in /home/pmahendro/public_html/sinarputra/protected/modules/manufacture/controllers/WorkOrderCuttingController.php (27)
2026/09/12 22:39:01 [warning] [application] Failed to set unsafe attribute "is_coating" of "WorkOrderCuttingDetail".
in /home/pmahendro/public_html/sinarputra/protected/modules/manufacture/controllers/WorkOrderCuttingController.php (57)
in /home/pmahendro/public_html/sinarputra/protected/modules/manufacture/controllers/WorkOrderCuttingController.php (429)
in /home/pmahendro/public_html/sinarputra/protected/modules/manufacture/controllers/WorkOrderCuttingController.php (27)
2026/09/12 22:39:01 [warning] [application] Failed to set unsafe attribute "is_coating" of "WorkOrderCuttingDetail".
in /home/pmahendro/public_html/sinarputra/protected/modules/manufacture/controllers/WorkOrderCuttingController.php (57)
in /home/pmahendro/public_html/sinarputra/protected/modules/manufacture/controllers/WorkOrderCuttingController.php (429)
in /home/pmahendro/public_html/sinarputra/protected/modules/manufacture/controllers/WorkOrderCuttingController.php (27)
2026/09/12 22:39:01 [warning] [application] Failed to set unsafe attribute "is_coating" of "WorkOrderCuttingDetail".
in /home/pmahendro/public_html/sinarputra/protected/modules/manufacture/controllers/WorkOrderCuttingController.php (57)
in /home/pmahendro/public_html/sinarputra/protected/modules/manufacture/controllers/WorkOrderCuttingController.php (429)
in /home/pmahendro/public_html/sinarputra/protected/modules/manufacture/controllers/WorkOrderCuttingController.php (27)
2026/09/12 22:39:23 [warning] [application] Failed to set unsafe attribute "is_coating" of "WorkOrderCuttingDetail".
in /home/pmahendro/public_html/sinarputra/protected/modules/manufacture/controllers/WorkOrderCuttingController.php (54)
in /home/pmahendro/public_html/sinarputra/protected/modules/manufacture/controllers/WorkOrderCuttingController.php (152)
in /home/pmahendro/public_html/sinarputra/protected/modules/manufacture/controllers/WorkOrderCuttingController.php (27)
2026/09/12 22:39:23 [warning] [application] Failed to set unsafe attribute "is_coating" of "WorkOrderCuttingDetail".
in /home/pmahendro/public_html/sinarputra/protected/modules/manufacture/controllers/WorkOrderCuttingController.php (54)
in /home/pmahendro/public_html/sinarputra/protected/modules/manufacture/controllers/WorkOrderCuttingController.php (152)
in /home/pmahendro/public_html/sinarputra/protected/modules/manufacture/controllers/WorkOrderCuttingController.php (27)
2026/09/12 22:46:05 [warning] [application] Failed to set unsafe attribute "is_coating" of "WorkOrderCuttingDetail".
in /home/pmahendro/public_html/sinarputra/protected/modules/manufacture/controllers/WorkOrderCuttingController.php (57)
in /home/pmahendro/public_html/sinarputra/protected/modules/manufacture/controllers/WorkOrderCuttingController.php (429)
in /home/pmahendro/public_html/sinarputra/protected/modules/manufacture/controllers/WorkOrderCuttingController.php (27)
2026/09/12 22:46:05 [warning] [application] Failed to set unsafe attribute "is_coating" of "WorkOrderCuttingDetail".
in /home/pmahendro/public_html/sinarputra/protected/modules/manufacture/controllers/WorkOrderCuttingController.php (57)
in /home/pmahendro/public_html/sinarputra/protected/modules/manufacture/controllers/WorkOrderCuttingController.php (429)
in /home/pmahendro/public_html/sinarputra/protected/modules/manufacture/controllers/WorkOrderCuttingController.php (27)
2026/09/12 22:46:05 [warning] [application] Failed to set unsafe attribute "is_coating" of "WorkOrderCuttingDetail".
in /home/pmahendro/public_html/sinarputra/protected/modules/manufacture/controllers/WorkOrderCuttingController.php (57)
in /home/pmahendro/public_html/sinarputra/protected/modules/manufacture/controllers/WorkOrderCuttingController.php (429)
in /home/pmahendro/public_html/sinarputra/protected/modules/manufacture/controllers/WorkOrderCuttingController.php (27)
2026/09/12 22:46:05 [warning] [application] Failed to set unsafe attribute "is_coating" of "WorkOrderCuttingDetail".
in /home/pmahendro/public_html/sinarputra/protected/modules/manufacture/controllers/WorkOrderCuttingController.php (57)
in /home/pmahendro/public_html/sinarputra/protected/modules/manufacture/controllers/WorkOrderCuttingController.php (429)
in /home/pmahendro/public_html/sinarputra/protected/modules/manufacture/controllers/WorkOrderCuttingController.php (27)
2026/09/12 22:46:05 [warning] [application] Failed to set unsafe attribute "is_coating" of "WorkOrderCuttingDetail".
in /home/pmahendro/public_html/sinarputra/protected/modules/manufacture/controllers/WorkOrderCuttingController.php (57)
in /home/pmahendro/public_html/sinarputra/protected/modules/manufacture/controllers/WorkOrderCuttingController.php (429)
in /home/pmahendro/public_html/sinarputra/protected/modules/manufacture/controllers/WorkOrderCuttingController.php (27)
2026/09/12 22:46:05 [warning] [application] Failed to set unsafe attribute "is_coating" of "WorkOrderCuttingDetail".
in /home/pmahendro/public_html/sinarputra/protected/modules/manufacture/controllers/WorkOrderCuttingController.php (57)
in /home/pmahendro/public_html/sinarputra/protected/modules/manufacture/controllers/WorkOrderCuttingController.php (429)
in /home/pmahendro/public_html/sinarputra/protected/modules/manufacture/controllers/WorkOrderCuttingController.php (27)
2026/09/12 22:46:05 [warning] [application] Failed to set unsafe attribute "is_coating" of "WorkOrderCuttingDetail".
in /home/pmahendro/public_html/sinarputra/protected/modules/manufacture/controllers/WorkOrderCuttingController.php (57)
in /home/pmahendro/public_html/sinarputra/protected/modules/manufacture/controllers/WorkOrderCuttingController.php (429)
in /home/pmahendro/public_html/sinarputra/protected/modules/manufacture/controllers/WorkOrderCuttingController.php (27)
2026/09/12 22:46:05 [warning] [application] Failed to set unsafe attribute "is_coating" of "WorkOrderCuttingDetail".
in /home/pmahendro/public_html/sinarputra/protected/modules/manufacture/controllers/WorkOrderCuttingController.php (57)
in /home/pmahendro/public_html/sinarputra/protected/modules/manufacture/controllers/WorkOrderCuttingController.php (429)
in /home/pmahendro/public_html/sinarputra/protected/modules/manufacture/controllers/WorkOrderCuttingController.php (27)
2026/09/12 22:46:05 [warning] [application] Failed to set unsafe attribute "is_coating" of "WorkOrderCuttingDetail".
in /home/pmahendro/public_html/sinarputra/protected/modules/manufacture/controllers/WorkOrderCuttingController.php (57)
in /home/pmahendro/public_html/sinarputra/protected/modules/manufacture/controllers/WorkOrderCuttingController.php (429)
in /home/pmahendro/public_html/sinarputra/protected/modules/manufacture/controllers/WorkOrderCuttingController.php (27)
2026/09/12 22:46:05 [warning] [application] Failed to set unsafe attribute "is_coating" of "WorkOrderCuttingDetail".
in /home/pmahendro/public_html/sinarputra/protected/modules/manufacture/controllers/WorkOrderCuttingController.php (57)
in /home/pmahendro/public_html/sinarputra/protected/modules/manufacture/controllers/WorkOrderCuttingController.php (429)
in /home/pmahendro/public_html/sinarputra/protected/modules/manufacture/controllers/WorkOrderCuttingController.php (27)
2026/09/12 22:46:05 [warning] [application] Failed to set unsafe attribute "is_coating" of "WorkOrderCuttingDetail".
in /home/pmahendro/public_html/sinarputra/protected/modules/manufacture/controllers/WorkOrderCuttingController.php (57)
in /home/pmahendro/public_html/sinarputra/protected/modules/manufacture/controllers/WorkOrderCuttingController.php (429)
in /home/pmahendro/public_html/sinarputra/protected/modules/manufacture/controllers/WorkOrderCuttingController.php (27)
2026/09/12 22:46:05 [warning] [application] Failed to set unsafe attribute "is_coating" of "WorkOrderCuttingDetail".
in /home/pmahendro/public_html/sinarputra/protected/modules/manufacture/controllers/WorkOrderCuttingController.php (57)
in /home/pmahendro/public_html/sinarputra/protected/modules/manufacture/controllers/WorkOrderCuttingController.php (429)
in /home/pmahendro/public_html/sinarputra/protected/modules/manufacture/controllers/WorkOrderCuttingController.php (27)
2026/09/12 22:46:05 [warning] [application] Failed to set unsafe attribute "is_coating" of "WorkOrderCuttingDetail".
in /home/pmahendro/public_html/sinarputra/protected/modules/manufacture/controllers/WorkOrderCuttingController.php (57)
in /home/pmahendro/public_html/sinarputra/protected/modules/manufacture/controllers/WorkOrderCuttingController.php (429)
in /home/pmahendro/public_html/sinarputra/protected/modules/manufacture/controllers/WorkOrderCuttingController.php (27)
2026/09/12 22:46:05 [warning] [application] Failed to set unsafe attribute "is_coating" of "WorkOrderCuttingDetail".
in /home/pmahendro/public_html/sinarputra/protected/modules/manufacture/controllers/WorkOrderCuttingController.php (57)
in /home/pmahendro/public_html/sinarputra/protected/modules/manufacture/controllers/WorkOrderCuttingController.php (429)
in /home/pmahendro/public_html/sinarputra/protected/modules/manufacture/controllers/WorkOrderCuttingController.php (27)
2026/09/12 22:46:05 [warning] [application] Failed to set unsafe attribute "is_coating" of "WorkOrderCuttingDetail".
in /home/pmahendro/public_html/sinarputra/protected/modules/manufacture/controllers/WorkOrderCuttingController.php (57)
in /home/pmahendro/public_html/sinarputra/protected/modules/manufacture/controllers/WorkOrderCuttingController.php (429)
in /home/pmahendro/public_html/sinarputra/protected/modules/manufacture/controllers/WorkOrderCuttingController.php (27)
2026/09/12 22:46:05 [warning] [application] Failed to set unsafe attribute "is_coating" of "WorkOrderCuttingDetail".
in /home/pmahendro/public_html/sinarputra/protected/modules/manufacture/controllers/WorkOrderCuttingController.php (57)
in /home/pmahendro/public_html/sinarputra/protected/modules/manufacture/controllers/WorkOrderCuttingController.php (429)
in /home/pmahendro/public_html/sinarputra/protected/modules/manufacture/controllers/WorkOrderCuttingController.php (27)
2026/09/12 22:46:05 [warning] [application] Failed to set unsafe attribute "is_coating" of "WorkOrderCuttingDetail".
in /home/pmahendro/public_html/sinarputra/protected/modules/manufacture/controllers/WorkOrderCuttingController.php (57)
in /home/pmahendro/public_html/sinarputra/protected/modules/manufacture/controllers/WorkOrderCuttingController.php (429)
in /home/pmahendro/public_html/sinarputra/protected/modules/manufacture/controllers/WorkOrderCuttingController.php (27)
2026/09/12 22:46:05 [warning] [application] Failed to set unsafe attribute "is_coating" of "WorkOrderCuttingDetail".
in /home/pmahendro/public_html/sinarputra/protected/modules/manufacture/controllers/WorkOrderCuttingController.php (57)
in /home/pmahendro/public_html/sinarputra/protected/modules/manufacture/controllers/WorkOrderCuttingController.php (429)
in /home/pmahendro/public_html/sinarputra/protected/modules/manufacture/controllers/WorkOrderCuttingController.php (27)
2026/09/12 22:46:05 [warning] [application] Failed to set unsafe attribute "is_coating" of "WorkOrderCuttingDetail".
in /home/pmahendro/public_html/sinarputra/protected/modules/manufacture/controllers/WorkOrderCuttingController.php (57)
in /home/pmahendro/public_html/sinarputra/protected/modules/manufacture/controllers/WorkOrderCuttingController.php (429)
in /home/pmahendro/public_html/sinarputra/protected/modules/manufacture/controllers/WorkOrderCuttingController.php (27)
2026/09/12 22:46:05 [warning] [application] Failed to set unsafe attribute "is_coating" of "WorkOrderCuttingDetail".
in /home/pmahendro/public_html/sinarputra/protected/modules/manufacture/controllers/WorkOrderCuttingController.php (57)
in /home/pmahendro/public_html/sinarputra/protected/modules/manufacture/controllers/WorkOrderCuttingController.php (429)
in /home/pmahendro/public_html/sinarputra/protected/modules/manufacture/controllers/WorkOrderCuttingController.php (27)
2026/09/12 22:46:05 [warning] [application] Failed to set unsafe attribute "is_coating" of "WorkOrderCuttingDetail".
in /home/pmahendro/public_html/sinarputra/protected/modules/manufacture/controllers/WorkOrderCuttingController.php (57)
in /home/pmahendro/public_html/sinarputra/protected/modules/manufacture/controllers/WorkOrderCuttingController.php (429)
in /home/pmahendro/public_html/sinarputra/protected/modules/manufacture/controllers/WorkOrderCuttingController.php (27)
2026/09/12 22:46:05 [warning] [application] Failed to set unsafe attribute "is_coating" of "WorkOrderCuttingDetail".
in /home/pmahendro/public_html/sinarputra/protected/modules/manufacture/controllers/WorkOrderCuttingController.php (57)
in /home/pmahendro/public_html/sinarputra/protected/modules/manufacture/controllers/WorkOrderCuttingController.php (429)
in /home/pmahendro/public_html/sinarputra/protected/modules/manufacture/controllers/WorkOrderCuttingController.php (27)
2026/09/12 22:46:05 [warning] [application] Failed to set unsafe attribute "is_coating" of "WorkOrderCuttingDetail".
in /home/pmahendro/public_html/sinarputra/protected/modules/manufacture/controllers/WorkOrderCuttingController.php (57)
in /home/pmahendro/public_html/sinarputra/protected/modules/manufacture/controllers/WorkOrderCuttingController.php (429)
in /home/pmahendro/public_html/sinarputra/protected/modules/manufacture/controllers/WorkOrderCuttingController.php (27)
2026/09/12 22:46:05 [warning] [application] Failed to set unsafe attribute "is_coating" of "WorkOrderCuttingDetail".
in /home/pmahendro/public_html/sinarputra/protected/modules/manufacture/controllers/WorkOrderCuttingController.php (57)
in /home/pmahendro/public_html/sinarputra/protected/modules/manufacture/controllers/WorkOrderCuttingController.php (429)
in /home/pmahendro/public_html/sinarputra/protected/modules/manufacture/controllers/WorkOrderCuttingController.php (27)
2026/09/12 22:46:05 [warning] [application] Failed to set unsafe attribute "is_coating" of "WorkOrderCuttingDetail".
in /home/pmahendro/public_html/sinarputra/protected/modules/manufacture/controllers/WorkOrderCuttingController.php (57)
in /home/pmahendro/public_html/sinarputra/protected/modules/manufacture/controllers/WorkOrderCuttingController.php (429)
in /home/pmahendro/public_html/sinarputra/protected/modules/manufacture/controllers/WorkOrderCuttingController.php (27)
2026/09/12 22:46:05 [warning] [application] Failed to set unsafe attribute "is_coating" of "WorkOrderCuttingDetail".
in /home/pmahendro/public_html/sinarputra/protected/modules/manufacture/controllers/WorkOrderCuttingController.php (57)
in /home/pmahendro/public_html/sinarputra/protected/modules/manufacture/controllers/WorkOrderCuttingController.php (429)
in /home/pmahendro/public_html/sinarputra/protected/modules/manufacture/controllers/WorkOrderCuttingController.php (27)
2026/09/12 22:46:05 [warning] [application] Failed to set unsafe attribute "is_coating" of "WorkOrderCuttingDetail".
in /home/pmahendro/public_html/sinarputra/protected/modules/manufacture/controllers/WorkOrderCuttingController.php (57)
in /home/pmahendro/public_html/sinarputra/protected/modules/manufacture/controllers/WorkOrderCuttingController.php (429)
in /home/pmahendro/public_html/sinarputra/protected/modules/manufacture/controllers/WorkOrderCuttingController.php (27)
2026/09/12 22:46:05 [warning] [application] Failed to set unsafe attribute "is_coating" of "WorkOrderCuttingDetail".
in /home/pmahendro/public_html/sinarputra/protected/modules/manufacture/controllers/WorkOrderCuttingController.php (57)
in /home/pmahendro/public_html/sinarputra/protected/modules/manufacture/controllers/WorkOrderCuttingController.php (429)
in /home/pmahendro/public_html/sinarputra/protected/modules/manufacture/controllers/WorkOrderCuttingController.php (27)
2026/09/12 22:46:05 [warning] [application] Failed to set unsafe attribute "is_coating" of "WorkOrderCuttingDetail".
in /home/pmahendro/public_html/sinarputra/protected/modules/manufacture/controllers/WorkOrderCuttingController.php (57)
in /home/pmahendro/public_html/sinarputra/protected/modules/manufacture/controllers/WorkOrderCuttingController.php (429)
in /home/pmahendro/public_html/sinarputra/protected/modules/manufacture/controllers/WorkOrderCuttingController.php (27)
2026/09/12 22:46:05 [warning] [application] Failed to set unsafe attribute "is_coating" of "WorkOrderCuttingDetail".
in /home/pmahendro/public_html/sinarputra/protected/modules/manufacture/controllers/WorkOrderCuttingController.php (57)
in /home/pmahendro/public_html/sinarputra/protected/modules/manufacture/controllers/WorkOrderCuttingController.php (429)
in /home/pmahendro/public_html/sinarputra/protected/modules/manufacture/controllers/WorkOrderCuttingController.php (27)
2026/09/12 22:46:05 [warning] [application] Failed to set unsafe attribute "is_coating" of "WorkOrderCuttingDetail".
in /home/pmahendro/public_html/sinarputra/protected/modules/manufacture/controllers/WorkOrderCuttingController.php (57)
in /home/pmahendro/public_html/sinarputra/protected/modules/manufacture/controllers/WorkOrderCuttingController.php (429)
in /home/pmahendro/public_html/sinarputra/protected/modules/manufacture/controllers/WorkOrderCuttingController.php (27)
2026/09/12 22:46:05 [warning] [application] Failed to set unsafe attribute "is_coating" of "WorkOrderCuttingDetail".
in /home/pmahendro/public_html/sinarputra/protected/modules/manufacture/controllers/WorkOrderCuttingController.php (57)
in /home/pmahendro/public_html/sinarputra/protected/modules/manufacture/controllers/WorkOrderCuttingController.php (429)
in /home/pmahendro/public_html/sinarputra/protected/modules/manufacture/controllers/WorkOrderCuttingController.php (27)
2026/09/12 22:46:05 [warning] [application] Failed to set unsafe attribute "is_coating" of "WorkOrderCuttingDetail".
in /home/pmahendro/public_html/sinarputra/protected/modules/manufacture/controllers/WorkOrderCuttingController.php (57)
in /home/pmahendro/public_html/sinarputra/protected/modules/manufacture/controllers/WorkOrderCuttingController.php (429)
in /home/pmahendro/public_html/sinarputra/protected/modules/manufacture/controllers/WorkOrderCuttingController.php (27)
2026/09/12 22:46:05 [warning] [application] Failed to set unsafe attribute "is_coating" of "WorkOrderCuttingDetail".
in /home/pmahendro/public_html/sinarputra/protected/modules/manufacture/controllers/WorkOrderCuttingController.php (57)
in /home/pmahendro/public_html/sinarputra/protected/modules/manufacture/controllers/WorkOrderCuttingController.php (429)
in /home/pmahendro/public_html/sinarputra/protected/modules/manufacture/controllers/WorkOrderCuttingController.php (27)
2026/09/12 22:46:05 [warning] [application] Failed to set unsafe attribute "is_coating" of "WorkOrderCuttingDetail".
in /home/pmahendro/public_html/sinarputra/protected/modules/manufacture/controllers/WorkOrderCuttingController.php (57)
in /home/pmahendro/public_html/sinarputra/protected/modules/manufacture/controllers/WorkOrderCuttingController.php (429)
in /home/pmahendro/public_html/sinarputra/protected/modules/manufacture/controllers/WorkOrderCuttingController.php (27)
2026/09/12 22:46:05 [warning] [application] Failed to set unsafe attribute "is_coating" of "WorkOrderCuttingDetail".
in /home/pmahendro/public_html/sinarputra/protected/modules/manufacture/controllers/WorkOrderCuttingController.php (57)
in /home/pmahendro/public_html/sinarputra/protected/modules/manufacture/controllers/WorkOrderCuttingController.php (429)
in /home/pmahendro/public_html/sinarputra/protected/modules/manufacture/controllers/WorkOrderCuttingController.php (27)
2026/09/12 22:46:05 [warning] [application] Failed to set unsafe attribute "is_coating" of "WorkOrderCuttingDetail".
in /home/pmahendro/public_html/sinarputra/protected/modules/manufacture/controllers/WorkOrderCuttingController.php (57)
in /home/pmahendro/public_html/sinarputra/protected/modules/manufacture/controllers/WorkOrderCuttingController.php (429)
in /home/pmahendro/public_html/sinarputra/protected/modules/manufacture/controllers/WorkOrderCuttingController.php (27)
2026/09/12 22:46:05 [warning] [application] Failed to set unsafe attribute "is_coating" of "WorkOrderCuttingDetail".
in /home/pmahendro/public_html/sinarputra/protected/modules/manufacture/controllers/WorkOrderCuttingController.php (57)
in /home/pmahendro/public_html/sinarputra/protected/modules/manufacture/controllers/WorkOrderCuttingController.php (429)
in /home/pmahendro/public_html/sinarputra/protected/modules/manufacture/controllers/WorkOrderCuttingController.php (27)
2026/09/12 22:46:05 [warning] [application] Failed to set unsafe attribute "is_coating" of "WorkOrderCuttingDetail".
in /home/pmahendro/public_html/sinarputra/protected/modules/manufacture/controllers/WorkOrderCuttingController.php (57)
in /home/pmahendro/public_html/sinarputra/protected/modules/manufacture/controllers/WorkOrderCuttingController.php (429)
in /home/pmahendro/public_html/sinarputra/protected/modules/manufacture/controllers/WorkOrderCuttingController.php (27)
2026/09/12 22:46:05 [warning] [application] Failed to set unsafe attribute "is_coating" of "WorkOrderCuttingDetail".
in /home/pmahendro/public_html/sinarputra/protected/modules/manufacture/controllers/WorkOrderCuttingController.php (57)
in /home/pmahendro/public_html/sinarputra/protected/modules/manufacture/controllers/WorkOrderCuttingController.php (429)
in /home/pmahendro/public_html/sinarputra/protected/modules/manufacture/controllers/WorkOrderCuttingController.php (27)
2026/09/12 22:46:05 [warning] [application] Failed to set unsafe attribute "is_coating" of "WorkOrderCuttingDetail".
in /home/pmahendro/public_html/sinarputra/protected/modules/manufacture/controllers/WorkOrderCuttingController.php (57)
in /home/pmahendro/public_html/sinarputra/protected/modules/manufacture/controllers/WorkOrderCuttingController.php (429)
in /home/pmahendro/public_html/sinarputra/protected/modules/manufacture/controllers/WorkOrderCuttingController.php (27)
2026/09/12 22:46:05 [warning] [application] Failed to set unsafe attribute "is_coating" of "WorkOrderCuttingDetail".
in /home/pmahendro/public_html/sinarputra/protected/modules/manufacture/controllers/WorkOrderCuttingController.php (57)
in /home/pmahendro/public_html/sinarputra/protected/modules/manufacture/controllers/WorkOrderCuttingController.php (429)
in /home/pmahendro/public_html/sinarputra/protected/modules/manufacture/controllers/WorkOrderCuttingController.php (27)
2026/09/12 22:46:05 [warning] [application] Failed to set unsafe attribute "is_coating" of "WorkOrderCuttingDetail".
in /home/pmahendro/public_html/sinarputra/protected/modules/manufacture/controllers/WorkOrderCuttingController.php (57)
in /home/pmahendro/public_html/sinarputra/protected/modules/manufacture/controllers/WorkOrderCuttingController.php (429)
in /home/pmahendro/public_html/sinarputra/protected/modules/manufacture/controllers/WorkOrderCuttingController.php (27)
2026/09/12 22:46:05 [warning] [application] Failed to set unsafe attribute "is_coating" of "WorkOrderCuttingDetail".
in /home/pmahendro/public_html/sinarputra/protected/modules/manufacture/controllers/WorkOrderCuttingController.php (57)
in /home/pmahendro/public_html/sinarputra/protected/modules/manufacture/controllers/WorkOrderCuttingController.php (429)
in /home/pmahendro/public_html/sinarputra/protected/modules/manufacture/controllers/WorkOrderCuttingController.php (27)
2026/09/12 22:46:05 [warning] [application] Failed to set unsafe attribute "is_coating" of "WorkOrderCuttingDetail".
in /home/pmahendro/public_html/sinarputra/protected/modules/manufacture/controllers/WorkOrderCuttingController.php (57)
in /home/pmahendro/public_html/sinarputra/protected/modules/manufacture/controllers/WorkOrderCuttingController.php (429)
in /home/pmahendro/public_html/sinarputra/protected/modules/manufacture/controllers/WorkOrderCuttingController.php (27)
2026/09/12 22:46:05 [warning] [application] Failed to set unsafe attribute "is_coating" of "WorkOrderCuttingDetail".
in /home/pmahendro/public_html/sinarputra/protected/modules/manufacture/controllers/WorkOrderCuttingController.php (57)
in /home/pmahendro/public_html/sinarputra/protected/modules/manufacture/controllers/WorkOrderCuttingController.php (429)
in /home/pmahendro/public_html/sinarputra/protected/modules/manufacture/controllers/WorkOrderCuttingController.php (27)
2026/09/12 22:46:05 [warning] [application] Failed to set unsafe attribute "is_coating" of "WorkOrderCuttingDetail".
in /home/pmahendro/public_html/sinarputra/protected/modules/manufacture/controllers/WorkOrderCuttingController.php (57)
in /home/pmahendro/public_html/sinarputra/protected/modules/manufacture/controllers/WorkOrderCuttingController.php (429)
in /home/pmahendro/public_html/sinarputra/protected/modules/manufacture/controllers/WorkOrderCuttingController.php (27)
2026/09/12 22:46:05 [warning] [application] Failed to set unsafe attribute "is_coating" of "WorkOrderCuttingDetail".
in /home/pmahendro/public_html/sinarputra/protected/modules/manufacture/controllers/WorkOrderCuttingController.php (57)
in /home/pmahendro/public_html/sinarputra/protected/modules/manufacture/controllers/WorkOrderCuttingController.php (429)
in /home/pmahendro/public_html/sinarputra/protected/modules/manufacture/controllers/WorkOrderCuttingController.php (27)
2026/09/12 22:46:05 [warning] [application] Failed to set unsafe attribute "is_coating" of "WorkOrderCuttingDetail".
in /home/pmahendro/public_html/sinarputra/protected/modules/manufacture/controllers/WorkOrderCuttingController.php (57)
in /home/pmahendro/public_html/sinarputra/protected/modules/manufacture/controllers/WorkOrderCuttingController.php (429)
in /home/pmahendro/public_html/sinarputra/protected/modules/manufacture/controllers/WorkOrderCuttingController.php (27)
2026/09/12 22:46:05 [warning] [application] Failed to set unsafe attribute "is_coating" of "WorkOrderCuttingDetail".
in /home/pmahendro/public_html/sinarputra/protected/modules/manufacture/controllers/WorkOrderCuttingController.php (57)
in /home/pmahendro/public_html/sinarputra/protected/modules/manufacture/controllers/WorkOrderCuttingController.php (429)
in /home/pmahendro/public_html/sinarputra/protected/modules/manufacture/controllers/WorkOrderCuttingController.php (27)
2026/09/12 22:46:05 [warning] [application] Failed to set unsafe attribute "is_coating" of "WorkOrderCuttingDetail".
in /home/pmahendro/public_html/sinarputra/protected/modules/manufacture/controllers/WorkOrderCuttingController.php (57)
in /home/pmahendro/public_html/sinarputra/protected/modules/manufacture/controllers/WorkOrderCuttingController.php (429)
in /home/pmahendro/public_html/sinarputra/protected/modules/manufacture/controllers/WorkOrderCuttingController.php (27)
2026/09/12 22:46:05 [warning] [application] Failed to set unsafe attribute "is_coating" of "WorkOrderCuttingDetail".
in /home/pmahendro/public_html/sinarputra/protected/modules/manufacture/controllers/WorkOrderCuttingController.php (57)
in /home/pmahendro/public_html/sinarputra/protected/modules/manufacture/controllers/WorkOrderCuttingController.php (429)
in /home/pmahendro/public_html/sinarputra/protected/modules/manufacture/controllers/WorkOrderCuttingController.php (27)
2026/09/12 22:46:06 [warning] [application] Failed to set unsafe attribute "is_coating" of "WorkOrderCuttingDetail".
in /home/pmahendro/public_html/sinarputra/protected/modules/manufacture/controllers/WorkOrderCuttingController.php (57)
in /home/pmahendro/public_html/sinarputra/protected/modules/manufacture/controllers/WorkOrderCuttingController.php (429)
in /home/pmahendro/public_html/sinarputra/protected/modules/manufacture/controllers/WorkOrderCuttingController.php (27)
2026/09/12 22:46:06 [warning] [application] Failed to set unsafe attribute "is_coating" of "WorkOrderCuttingDetail".
in /home/pmahendro/public_html/sinarputra/protected/modules/manufacture/controllers/WorkOrderCuttingController.php (57)
in /home/pmahendro/public_html/sinarputra/protected/modules/manufacture/controllers/WorkOrderCuttingController.php (429)
in /home/pmahendro/public_html/sinarputra/protected/modules/manufacture/controllers/WorkOrderCuttingController.php (27)
2026/09/12 22:46:06 [warning] [application] Failed to set unsafe attribute "is_coating" of "WorkOrderCuttingDetail".
in /home/pmahendro/public_html/sinarputra/protected/modules/manufacture/controllers/WorkOrderCuttingController.php (57)
in /home/pmahendro/public_html/sinarputra/protected/modules/manufacture/controllers/WorkOrderCuttingController.php (429)
in /home/pmahendro/public_html/sinarputra/protected/modules/manufacture/controllers/WorkOrderCuttingController.php (27)
2026/09/12 22:46:06 [warning] [application] Failed to set unsafe attribute "is_coating" of "WorkOrderCuttingDetail".
in /home/pmahendro/public_html/sinarputra/protected/modules/manufacture/controllers/WorkOrderCuttingController.php (57)
in /home/pmahendro/public_html/sinarputra/protected/modules/manufacture/controllers/WorkOrderCuttingController.php (429)
in /home/pmahendro/public_html/sinarputra/protected/modules/manufacture/controllers/WorkOrderCuttingController.php (27)
2026/09/12 22:46:06 [warning] [application] Failed to set unsafe attribute "is_coating" of "WorkOrderCuttingDetail".
in /home/pmahendro/public_html/sinarputra/protected/modules/manufacture/controllers/WorkOrderCuttingController.php (57)
in /home/pmahendro/public_html/sinarputra/protected/modules/manufacture/controllers/WorkOrderCuttingController.php (429)
in /home/pmahendro/public_html/sinarputra/protected/modules/manufacture/controllers/WorkOrderCuttingController.php (27)
2026/09/12 22:46:06 [warning] [application] Failed to set unsafe attribute "is_coating" of "WorkOrderCuttingDetail".
in /home/pmahendro/public_html/sinarputra/protected/modules/manufacture/controllers/WorkOrderCuttingController.php (57)
in /home/pmahendro/public_html/sinarputra/protected/modules/manufacture/controllers/WorkOrderCuttingController.php (429)
in /home/pmahendro/public_html/sinarputra/protected/modules/manufacture/controllers/WorkOrderCuttingController.php (27)
2026/09/12 22:46:06 [warning] [application] Failed to set unsafe attribute "is_coating" of "WorkOrderCuttingDetail".
in /home/pmahendro/public_html/sinarputra/protected/modules/manufacture/controllers/WorkOrderCuttingController.php (57)
in /home/pmahendro/public_html/sinarputra/protected/modules/manufacture/controllers/WorkOrderCuttingController.php (429)
in /home/pmahendro/public_html/sinarputra/protected/modules/manufacture/controllers/WorkOrderCuttingController.php (27)
2026/09/12 22:46:06 [warning] [application] Failed to set unsafe attribute "is_coating" of "WorkOrderCuttingDetail".
in /home/pmahendro/public_html/sinarputra/protected/modules/manufacture/controllers/WorkOrderCuttingController.php (57)
in /home/pmahendro/public_html/sinarputra/protected/modules/manufacture/controllers/WorkOrderCuttingController.php (429)
in /home/pmahendro/public_html/sinarputra/protected/modules/manufacture/controllers/WorkOrderCuttingController.php (27)
2026/09/12 22:46:06 [warning] [application] Failed to set unsafe attribute "is_coating" of "WorkOrderCuttingDetail".
in /home/pmahendro/public_html/sinarputra/protected/modules/manufacture/controllers/WorkOrderCuttingController.php (57)
in /home/pmahendro/public_html/sinarputra/protected/modules/manufacture/controllers/WorkOrderCuttingController.php (429)
in /home/pmahendro/public_html/sinarputra/protected/modules/manufacture/controllers/WorkOrderCuttingController.php (27)
2026/09/12 22:46:06 [warning] [application] Failed to set unsafe attribute "is_coating" of "WorkOrderCuttingDetail".
in /home/pmahendro/public_html/sinarputra/protected/modules/manufacture/controllers/WorkOrderCuttingController.php (57)
in /home/pmahendro/public_html/sinarputra/protected/modules/manufacture/controllers/WorkOrderCuttingController.php (429)
in /home/pmahendro/public_html/sinarputra/protected/modules/manufacture/controllers/WorkOrderCuttingController.php (27)
2026/09/12 22:46:06 [warning] [application] Failed to set unsafe attribute "is_coating" of "WorkOrderCuttingDetail".
in /home/pmahendro/public_html/sinarputra/protected/modules/manufacture/controllers/WorkOrderCuttingController.php (57)
in /home/pmahendro/public_html/sinarputra/protected/modules/manufacture/controllers/WorkOrderCuttingController.php (429)
in /home/pmahendro/public_html/sinarputra/protected/modules/manufacture/controllers/WorkOrderCuttingController.php (27)
2026/09/12 22:46:06 [warning] [application] Failed to set unsafe attribute "is_coating" of "WorkOrderCuttingDetail".
in /home/pmahendro/public_html/sinarputra/protected/modules/manufacture/controllers/WorkOrderCuttingController.php (57)
in /home/pmahendro/public_html/sinarputra/protected/modules/manufacture/controllers/WorkOrderCuttingController.php (429)
in /home/pmahendro/public_html/sinarputra/protected/modules/manufacture/controllers/WorkOrderCuttingController.php (27)
2026/09/12 22:46:06 [warning] [application] Failed to set unsafe attribute "is_coating" of "WorkOrderCuttingDetail".
in /home/pmahendro/public_html/sinarputra/protected/modules/manufacture/controllers/WorkOrderCuttingController.php (57)
in /home/pmahendro/public_html/sinarputra/protected/modules/manufacture/controllers/WorkOrderCuttingController.php (429)
in /home/pmahendro/public_html/sinarputra/protected/modules/manufacture/controllers/WorkOrderCuttingController.php (27)
2026/09/12 22:46:06 [warning] [application] Failed to set unsafe attribute "is_coating" of "WorkOrderCuttingDetail".
in /home/pmahendro/public_html/sinarputra/protected/modules/manufacture/controllers/WorkOrderCuttingController.php (57)
in /home/pmahendro/public_html/sinarputra/protected/modules/manufacture/controllers/WorkOrderCuttingController.php (429)
in /home/pmahendro/public_html/sinarputra/protected/modules/manufacture/controllers/WorkOrderCuttingController.php (27)
2026/09/12 22:46:06 [warning] [application] Failed to set unsafe attribute "is_coating" of "WorkOrderCuttingDetail".
in /home/pmahendro/public_html/sinarputra/protected/modules/manufacture/controllers/WorkOrderCuttingController.php (57)
in /home/pmahendro/public_html/sinarputra/protected/modules/manufacture/controllers/WorkOrderCuttingController.php (429)
in /home/pmahendro/public_html/sinarputra/protected/modules/manufacture/controllers/WorkOrderCuttingController.php (27)
2026/09/12 22:46:06 [warning] [application] Failed to set unsafe attribute "is_coating" of "WorkOrderCuttingDetail".
in /home/pmahendro/public_html/sinarputra/protected/modules/manufacture/controllers/WorkOrderCuttingController.php (57)
in /home/pmahendro/public_html/sinarputra/protected/modules/manufacture/controllers/WorkOrderCuttingController.php (429)
in /home/pmahendro/public_html/sinarputra/protected/modules/manufacture/controllers/WorkOrderCuttingController.php (27)
2026/09/12 22:46:06 [warning] [application] Failed to set unsafe attribute "is_coating" of "WorkOrderCuttingDetail".
in /home/pmahendro/public_html/sinarputra/protected/modules/manufacture/controllers/WorkOrderCuttingController.php (57)
in /home/pmahendro/public_html/sinarputra/protected/modules/manufacture/controllers/WorkOrderCuttingController.php (429)
in /home/pmahendro/public_html/sinarputra/protected/modules/manufacture/controllers/WorkOrderCuttingController.php (27)
2026/09/12 22:46:06 [warning] [application] Failed to set unsafe attribute "is_coating" of "WorkOrderCuttingDetail".
in /home/pmahendro/public_html/sinarputra/protected/modules/manufacture/controllers/WorkOrderCuttingController.php (57)
in /home/pmahendro/public_html/sinarputra/protected/modules/manufacture/controllers/WorkOrderCuttingController.php (429)
in /home/pmahendro/public_html/sinarputra/protected/modules/manufacture/controllers/WorkOrderCuttingController.php (27)
2026/09/12 22:46:06 [warning] [application] Failed to set unsafe attribute "is_coating" of "WorkOrderCuttingDetail".
in /home/pmahendro/public_html/sinarputra/protected/modules/manufacture/controllers/WorkOrderCuttingController.php (57)
in /home/pmahendro/public_html/sinarputra/protected/modules/manufacture/controllers/WorkOrderCuttingController.php (429)
in /home/pmahendro/public_html/sinarputra/protected/modules/manufacture/controllers/WorkOrderCuttingController.php (27)
2026/09/12 22:46:06 [warning] [application] Failed to set unsafe attribute "is_coating" of "WorkOrderCuttingDetail".
in /home/pmahendro/public_html/sinarputra/protected/modules/manufacture/controllers/WorkOrderCuttingController.php (57)
in /home/pmahendro/public_html/sinarputra/protected/modules/manufacture/controllers/WorkOrderCuttingController.php (429)
in /home/pmahendro/public_html/sinarputra/protected/modules/manufacture/controllers/WorkOrderCuttingController.php (27)
2026/09/12 22:46:06 [warning] [application] Failed to set unsafe attribute "is_coating" of "WorkOrderCuttingDetail".
in /home/pmahendro/public_html/sinarputra/protected/modules/manufacture/controllers/WorkOrderCuttingController.php (57)
in /home/pmahendro/public_html/sinarputra/protected/modules/manufacture/controllers/WorkOrderCuttingController.php (429)
in /home/pmahendro/public_html/sinarputra/protected/modules/manufacture/controllers/WorkOrderCuttingController.php (27)
2026/09/12 22:46:06 [warning] [application] Failed to set unsafe attribute "is_coating" of "WorkOrderCuttingDetail".
in /home/pmahendro/public_html/sinarputra/protected/modules/manufacture/controllers/WorkOrderCuttingController.php (57)
in /home/pmahendro/public_html/sinarputra/protected/modules/manufacture/controllers/WorkOrderCuttingController.php (429)
in /home/pmahendro/public_html/sinarputra/protected/modules/manufacture/controllers/WorkOrderCuttingController.php (27)
2026/09/12 22:46:06 [warning] [application] Failed to set unsafe attribute "is_coating" of "WorkOrderCuttingDetail".
in /home/pmahendro/public_html/sinarputra/protected/modules/manufacture/controllers/WorkOrderCuttingController.php (57)
in /home/pmahendro/public_html/sinarputra/protected/modules/manufacture/controllers/WorkOrderCuttingController.php (429)
in /home/pmahendro/public_html/sinarputra/protected/modules/manufacture/controllers/WorkOrderCuttingController.php (27)
2026/09/12 22:46:06 [warning] [application] Failed to set unsafe attribute "is_coating" of "WorkOrderCuttingDetail".
in /home/pmahendro/public_html/sinarputra/protected/modules/manufacture/controllers/WorkOrderCuttingController.php (57)
in /home/pmahendro/public_html/sinarputra/protected/modules/manufacture/controllers/WorkOrderCuttingController.php (429)
in /home/pmahendro/public_html/sinarputra/protected/modules/manufacture/controllers/WorkOrderCuttingController.php (27)
2026/09/12 22:46:06 [warning] [application] Failed to set unsafe attribute "is_coating" of "WorkOrderCuttingDetail".
in /home/pmahendro/public_html/sinarputra/protected/modules/manufacture/controllers/WorkOrderCuttingController.php (57)
in /home/pmahendro/public_html/sinarputra/protected/modules/manufacture/controllers/WorkOrderCuttingController.php (429)
in /home/pmahendro/public_html/sinarputra/protected/modules/manufacture/controllers/WorkOrderCuttingController.php (27)
2026/09/12 22:46:10 [warning] [application] Failed to set unsafe attribute "is_coating" of "WorkOrderCuttingDetail".
in /home/pmahendro/public_html/sinarputra/protected/modules/manufacture/controllers/WorkOrderCuttingController.php (57)
in /home/pmahendro/public_html/sinarputra/protected/modules/manufacture/controllers/WorkOrderCuttingController.php (429)
in /home/pmahendro/public_html/sinarputra/protected/modules/manufacture/controllers/WorkOrderCuttingController.php (27)
2026/09/12 22:46:10 [warning] [application] Failed to set unsafe attribute "is_coating" of "WorkOrderCuttingDetail".
in /home/pmahendro/public_html/sinarputra/protected/modules/manufacture/controllers/WorkOrderCuttingController.php (57)
in /home/pmahendro/public_html/sinarputra/protected/modules/manufacture/controllers/WorkOrderCuttingController.php (429)
in /home/pmahendro/public_html/sinarputra/protected/modules/manufacture/controllers/WorkOrderCuttingController.php (27)
2026/09/12 22:46:10 [warning] [application] Failed to set unsafe attribute "is_coating" of "WorkOrderCuttingDetail".
in /home/pmahendro/public_html/sinarputra/protected/modules/manufacture/controllers/WorkOrderCuttingController.php (57)
in /home/pmahendro/public_html/sinarputra/protected/modules/manufacture/controllers/WorkOrderCuttingController.php (429)
in /home/pmahendro/public_html/sinarputra/protected/modules/manufacture/controllers/WorkOrderCuttingController.php (27)
2026/09/12 22:46:10 [warning] [application] Failed to set unsafe attribute "is_coating" of "WorkOrderCuttingDetail".
in /home/pmahendro/public_html/sinarputra/protected/modules/manufacture/controllers/WorkOrderCuttingController.php (57)
in /home/pmahendro/public_html/sinarputra/protected/modules/manufacture/controllers/WorkOrderCuttingController.php (429)
in /home/pmahendro/public_html/sinarputra/protected/modules/manufacture/controllers/WorkOrderCuttingController.php (27)
2026/09/12 22:46:10 [warning] [application] Failed to set unsafe attribute "is_coating" of "WorkOrderCuttingDetail".
in /home/pmahendro/public_html/sinarputra/protected/modules/manufacture/controllers/WorkOrderCuttingController.php (57)
in /home/pmahendro/public_html/sinarputra/protected/modules/manufacture/controllers/WorkOrderCuttingController.php (429)
in /home/pmahendro/public_html/sinarputra/protected/modules/manufacture/controllers/WorkOrderCuttingController.php (27)
2026/09/12 22:46:10 [warning] [application] Failed to set unsafe attribute "is_coating" of "WorkOrderCuttingDetail".
in /home/pmahendro/public_html/sinarputra/protected/modules/manufacture/controllers/WorkOrderCuttingController.php (57)
in /home/pmahendro/public_html/sinarputra/protected/modules/manufacture/controllers/WorkOrderCuttingController.php (429)
in /home/pmahendro/public_html/sinarputra/protected/modules/manufacture/controllers/WorkOrderCuttingController.php (27)
2026/09/12 22:46:10 [warning] [application] Failed to set unsafe attribute "is_coating" of "WorkOrderCuttingDetail".
in /home/pmahendro/public_html/sinarputra/protected/modules/manufacture/controllers/WorkOrderCuttingController.php (57)
in /home/pmahendro/public_html/sinarputra/protected/modules/manufacture/controllers/WorkOrderCuttingController.php (429)
in /home/pmahendro/public_html/sinarputra/protected/modules/manufacture/controllers/WorkOrderCuttingController.php (27)
2026/09/12 22:46:10 [warning] [application] Failed to set unsafe attribute "is_coating" of "WorkOrderCuttingDetail".
in /home/pmahendro/public_html/sinarputra/protected/modules/manufacture/controllers/WorkOrderCuttingController.php (57)
in /home/pmahendro/public_html/sinarputra/protected/modules/manufacture/controllers/WorkOrderCuttingController.php (429)
in /home/pmahendro/public_html/sinarputra/protected/modules/manufacture/controllers/WorkOrderCuttingController.php (27)
2026/09/12 22:46:10 [warning] [application] Failed to set unsafe attribute "is_coating" of "WorkOrderCuttingDetail".
in /home/pmahendro/public_html/sinarputra/protected/modules/manufacture/controllers/WorkOrderCuttingController.php (57)
in /home/pmahendro/public_html/sinarputra/protected/modules/manufacture/controllers/WorkOrderCuttingController.php (429)
in /home/pmahendro/public_html/sinarputra/protected/modules/manufacture/controllers/WorkOrderCuttingController.php (27)
2026/09/12 22:46:10 [warning] [application] Failed to set unsafe attribute "is_coating" of "WorkOrderCuttingDetail".
in /home/pmahendro/public_html/sinarputra/protected/modules/manufacture/controllers/WorkOrderCuttingController.php (57)
in /home/pmahendro/public_html/sinarputra/protected/modules/manufacture/controllers/WorkOrderCuttingController.php (429)
in /home/pmahendro/public_html/sinarputra/protected/modules/manufacture/controllers/WorkOrderCuttingController.php (27)
2026/09/12 22:46:10 [warning] [application] Failed to set unsafe attribute "is_coating" of "WorkOrderCuttingDetail".
in /home/pmahendro/public_html/sinarputra/protected/modules/manufacture/controllers/WorkOrderCuttingController.php (57)
in /home/pmahendro/public_html/sinarputra/protected/modules/manufacture/controllers/WorkOrderCuttingController.php (429)
in /home/pmahendro/public_html/sinarputra/protected/modules/manufacture/controllers/WorkOrderCuttingController.php (27)
2026/09/12 22:46:10 [warning] [application] Failed to set unsafe attribute "is_coating" of "WorkOrderCuttingDetail".
in /home/pmahendro/public_html/sinarputra/protected/modules/manufacture/controllers/WorkOrderCuttingController.php (57)
in /home/pmahendro/public_html/sinarputra/protected/modules/manufacture/controllers/WorkOrderCuttingController.php (429)
in /home/pmahendro/public_html/sinarputra/protected/modules/manufacture/controllers/WorkOrderCuttingController.php (27)
2026/09/12 22:46:10 [warning] [application] Failed to set unsafe attribute "is_coating" of "WorkOrderCuttingDetail".
in /home/pmahendro/public_html/sinarputra/protected/modules/manufacture/controllers/WorkOrderCuttingController.php (57)
in /home/pmahendro/public_html/sinarputra/protected/modules/manufacture/controllers/WorkOrderCuttingController.php (429)
in /home/pmahendro/public_html/sinarputra/protected/modules/manufacture/controllers/WorkOrderCuttingController.php (27)
2026/09/12 22:46:10 [warning] [application] Failed to set unsafe attribute "is_coating" of "WorkOrderCuttingDetail".
in /home/pmahendro/public_html/sinarputra/protected/modules/manufacture/controllers/WorkOrderCuttingController.php (57)
in /home/pmahendro/public_html/sinarputra/protected/modules/manufacture/controllers/WorkOrderCuttingController.php (429)
in /home/pmahendro/public_html/sinarputra/protected/modules/manufacture/controllers/WorkOrderCuttingController.php (27)
2026/09/12 22:46:10 [warning] [application] Failed to set unsafe attribute "is_coating" of "WorkOrderCuttingDetail".
in /home/pmahendro/public_html/sinarputra/protected/modules/manufacture/controllers/WorkOrderCuttingController.php (57)
in /home/pmahendro/public_html/sinarputra/protected/modules/manufacture/controllers/WorkOrderCuttingController.php (429)
in /home/pmahendro/public_html/sinarputra/protected/modules/manufacture/controllers/WorkOrderCuttingController.php (27)
2026/09/12 22:46:10 [warning] [application] Failed to set unsafe attribute "is_coating" of "WorkOrderCuttingDetail".
in /home/pmahendro/public_html/sinarputra/protected/modules/manufacture/controllers/WorkOrderCuttingController.php (57)
in /home/pmahendro/public_html/sinarputra/protected/modules/manufacture/controllers/WorkOrderCuttingController.php (429)
in /home/pmahendro/public_html/sinarputra/protected/modules/manufacture/controllers/WorkOrderCuttingController.php (27)
2026/09/12 22:46:10 [warning] [application] Failed to set unsafe attribute "is_coating" of "WorkOrderCuttingDetail".
in /home/pmahendro/public_html/sinarputra/protected/modules/manufacture/controllers/WorkOrderCuttingController.php (57)
in /home/pmahendro/public_html/sinarputra/protected/modules/manufacture/controllers/WorkOrderCuttingController.php (429)
in /home/pmahendro/public_html/sinarputra/protected/modules/manufacture/controllers/WorkOrderCuttingController.php (27)
2026/09/12 22:46:10 [warning] [application] Failed to set unsafe attribute "is_coating" of "WorkOrderCuttingDetail".
in /home/pmahendro/public_html/sinarputra/protected/modules/manufacture/controllers/WorkOrderCuttingController.php (57)
in /home/pmahendro/public_html/sinarputra/protected/modules/manufacture/controllers/WorkOrderCuttingController.php (429)
in /home/pmahendro/public_html/sinarputra/protected/modules/manufacture/controllers/WorkOrderCuttingController.php (27)
2026/09/12 22:46:10 [warning] [application] Failed to set unsafe attribute "is_coating" of "WorkOrderCuttingDetail".
in /home/pmahendro/public_html/sinarputra/protected/modules/manufacture/controllers/WorkOrderCuttingController.php (57)
in /home/pmahendro/public_html/sinarputra/protected/modules/manufacture/controllers/WorkOrderCuttingController.php (429)
in /home/pmahendro/public_html/sinarputra/protected/modules/manufacture/controllers/WorkOrderCuttingController.php (27)
2026/09/12 22:46:10 [warning] [application] Failed to set unsafe attribute "is_coating" of "WorkOrderCuttingDetail".
in /home/pmahendro/public_html/sinarputra/protected/modules/manufacture/controllers/WorkOrderCuttingController.php (57)
in /home/pmahendro/public_html/sinarputra/protected/modules/manufacture/controllers/WorkOrderCuttingController.php (429)
in /home/pmahendro/public_html/sinarputra/protected/modules/manufacture/controllers/WorkOrderCuttingController.php (27)
2026/09/12 22:46:10 [warning] [application] Failed to set unsafe attribute "is_coating" of "WorkOrderCuttingDetail".
in /home/pmahendro/public_html/sinarputra/protected/modules/manufacture/controllers/WorkOrderCuttingController.php (57)
in /home/pmahendro/public_html/sinarputra/protected/modules/manufacture/controllers/WorkOrderCuttingController.php (429)
in /home/pmahendro/public_html/sinarputra/protected/modules/manufacture/controllers/WorkOrderCuttingController.php (27)
2026/09/12 22:46:10 [warning] [application] Failed to set unsafe attribute "is_coating" of "WorkOrderCuttingDetail".
in /home/pmahendro/public_html/sinarputra/protected/modules/manufacture/controllers/WorkOrderCuttingController.php (57)
in /home/pmahendro/public_html/sinarputra/protected/modules/manufacture/controllers/WorkOrderCuttingController.php (429)
in /home/pmahendro/public_html/sinarputra/protected/modules/manufacture/controllers/WorkOrderCuttingController.php (27)
2026/09/12 22:46:10 [warning] [application] Failed to set unsafe attribute "is_coating" of "WorkOrderCuttingDetail".
in /home/pmahendro/public_html/sinarputra/protected/modules/manufacture/controllers/WorkOrderCuttingController.php (57)
in /home/pmahendro/public_html/sinarputra/protected/modules/manufacture/controllers/WorkOrderCuttingController.php (429)
in /home/pmahendro/public_html/sinarputra/protected/modules/manufacture/controllers/WorkOrderCuttingController.php (27)
2026/09/12 22:46:10 [warning] [application] Failed to set unsafe attribute "is_coating" of "WorkOrderCuttingDetail".
in /home/pmahendro/public_html/sinarputra/protected/modules/manufacture/controllers/WorkOrderCuttingController.php (57)
in /home/pmahendro/public_html/sinarputra/protected/modules/manufacture/controllers/WorkOrderCuttingController.php (429)
in /home/pmahendro/public_html/sinarputra/protected/modules/manufacture/controllers/WorkOrderCuttingController.php (27)
2026/09/12 22:46:10 [warning] [application] Failed to set unsafe attribute "is_coating" of "WorkOrderCuttingDetail".
in /home/pmahendro/public_html/sinarputra/protected/modules/manufacture/controllers/WorkOrderCuttingController.php (57)
in /home/pmahendro/public_html/sinarputra/protected/modules/manufacture/controllers/WorkOrderCuttingController.php (429)
in /home/pmahendro/public_html/sinarputra/protected/modules/manufacture/controllers/WorkOrderCuttingController.php (27)
2026/09/12 22:46:10 [warning] [application] Failed to set unsafe attribute "is_coating" of "WorkOrderCuttingDetail".
in /home/pmahendro/public_html/sinarputra/protected/modules/manufacture/controllers/WorkOrderCuttingController.php (57)
in /home/pmahendro/public_html/sinarputra/protected/modules/manufacture/controllers/WorkOrderCuttingController.php (429)
in /home/pmahendro/public_html/sinarputra/protected/modules/manufacture/controllers/WorkOrderCuttingController.php (27)
2026/09/12 22:46:10 [warning] [application] Failed to set unsafe attribute "is_coating" of "WorkOrderCuttingDetail".
in /home/pmahendro/public_html/sinarputra/protected/modules/manufacture/controllers/WorkOrderCuttingController.php (57)
in /home/pmahendro/public_html/sinarputra/protected/modules/manufacture/controllers/WorkOrderCuttingController.php (429)
in /home/pmahendro/public_html/sinarputra/protected/modules/manufacture/controllers/WorkOrderCuttingController.php (27)
2026/09/12 22:46:10 [warning] [application] Failed to set unsafe attribute "is_coating" of "WorkOrderCuttingDetail".
in /home/pmahendro/public_html/sinarputra/protected/modules/manufacture/controllers/WorkOrderCuttingController.php (57)
in /home/pmahendro/public_html/sinarputra/protected/modules/manufacture/controllers/WorkOrderCuttingController.php (429)
in /home/pmahendro/public_html/sinarputra/protected/modules/manufacture/controllers/WorkOrderCuttingController.php (27)
2026/09/12 22:46:10 [warning] [application] Failed to set unsafe attribute "is_coating" of "WorkOrderCuttingDetail".
in /home/pmahendro/public_html/sinarputra/protected/modules/manufacture/controllers/WorkOrderCuttingController.php (57)
in /home/pmahendro/public_html/sinarputra/protected/modules/manufacture/controllers/WorkOrderCuttingController.php (429)
in /home/pmahendro/public_html/sinarputra/protected/modules/manufacture/controllers/WorkOrderCuttingController.php (27)
2026/09/12 22:46:10 [warning] [application] Failed to set unsafe attribute "is_coating" of "WorkOrderCuttingDetail".
in /home/pmahendro/public_html/sinarputra/protected/modules/manufacture/controllers/WorkOrderCuttingController.php (57)
in /home/pmahendro/public_html/sinarputra/protected/modules/manufacture/controllers/WorkOrderCuttingController.php (429)
in /home/pmahendro/public_html/sinarputra/protected/modules/manufacture/controllers/WorkOrderCuttingController.php (27)
2026/09/12 22:46:10 [warning] [application] Failed to set unsafe attribute "is_coating" of "WorkOrderCuttingDetail".
in /home/pmahendro/public_html/sinarputra/protected/modules/manufacture/controllers/WorkOrderCuttingController.php (57)
in /home/pmahendro/public_html/sinarputra/protected/modules/manufacture/controllers/WorkOrderCuttingController.php (429)
in /home/pmahendro/public_html/sinarputra/protected/modules/manufacture/controllers/WorkOrderCuttingController.php (27)
2026/09/12 22:46:10 [warning] [application] Failed to set unsafe attribute "is_coating" of "WorkOrderCuttingDetail".
in /home/pmahendro/public_html/sinarputra/protected/modules/manufacture/controllers/WorkOrderCuttingController.php (57)
in /home/pmahendro/public_html/sinarputra/protected/modules/manufacture/controllers/WorkOrderCuttingController.php (429)
in /home/pmahendro/public_html/sinarputra/protected/modules/manufacture/controllers/WorkOrderCuttingController.php (27)
2026/09/12 22:46:10 [warning] [application] Failed to set unsafe attribute "is_coating" of "WorkOrderCuttingDetail".
in /home/pmahendro/public_html/sinarputra/protected/modules/manufacture/controllers/WorkOrderCuttingController.php (57)
in /home/pmahendro/public_html/sinarputra/protected/modules/manufacture/controllers/WorkOrderCuttingController.php (429)
in /home/pmahendro/public_html/sinarputra/protected/modules/manufacture/controllers/WorkOrderCuttingController.php (27)
2026/09/12 22:46:10 [warning] [application] Failed to set unsafe attribute "is_coating" of "WorkOrderCuttingDetail".
in /home/pmahendro/public_html/sinarputra/protected/modules/manufacture/controllers/WorkOrderCuttingController.php (57)
in /home/pmahendro/public_html/sinarputra/protected/modules/manufacture/controllers/WorkOrderCuttingController.php (429)
in /home/pmahendro/public_html/sinarputra/protected/modules/manufacture/controllers/WorkOrderCuttingController.php (27)
2026/09/12 22:46:10 [warning] [application] Failed to set unsafe attribute "is_coating" of "WorkOrderCuttingDetail".
in /home/pmahendro/public_html/sinarputra/protected/modules/manufacture/controllers/WorkOrderCuttingController.php (57)
in /home/pmahendro/public_html/sinarputra/protected/modules/manufacture/controllers/WorkOrderCuttingController.php (429)
in /home/pmahendro/public_html/sinarputra/protected/modules/manufacture/controllers/WorkOrderCuttingController.php (27)
2026/09/12 22:46:10 [warning] [application] Failed to set unsafe attribute "is_coating" of "WorkOrderCuttingDetail".
in /home/pmahendro/public_html/sinarputra/protected/modules/manufacture/controllers/WorkOrderCuttingController.php (57)
in /home/pmahendro/public_html/sinarputra/protected/modules/manufacture/controllers/WorkOrderCuttingController.php (429)
in /home/pmahendro/public_html/sinarputra/protected/modules/manufacture/controllers/WorkOrderCuttingController.php (27)
2026/09/12 22:46:10 [warning] [application] Failed to set unsafe attribute "is_coating" of "WorkOrderCuttingDetail".
in /home/pmahendro/public_html/sinarputra/protected/modules/manufacture/controllers/WorkOrderCuttingController.php (57)
in /home/pmahendro/public_html/sinarputra/protected/modules/manufacture/controllers/WorkOrderCuttingController.php (429)
in /home/pmahendro/public_html/sinarputra/protected/modules/manufacture/controllers/WorkOrderCuttingController.php (27)
2026/09/12 22:46:10 [warning] [application] Failed to set unsafe attribute "is_coating" of "WorkOrderCuttingDetail".
in /home/pmahendro/public_html/sinarputra/protected/modules/manufacture/controllers/WorkOrderCuttingController.php (57)
in /home/pmahendro/public_html/sinarputra/protected/modules/manufacture/controllers/WorkOrderCuttingController.php (429)
in /home/pmahendro/public_html/sinarputra/protected/modules/manufacture/controllers/WorkOrderCuttingController.php (27)
2026/09/12 22:46:10 [warning] [application] Failed to set unsafe attribute "is_coating" of "WorkOrderCuttingDetail".
in /home/pmahendro/public_html/sinarputra/protected/modules/manufacture/controllers/WorkOrderCuttingController.php (57)
in /home/pmahendro/public_html/sinarputra/protected/modules/manufacture/controllers/WorkOrderCuttingController.php (429)
in /home/pmahendro/public_html/sinarputra/protected/modules/manufacture/controllers/WorkOrderCuttingController.php (27)
2026/09/12 22:46:10 [warning] [application] Failed to set unsafe attribute "is_coating" of "WorkOrderCuttingDetail".
in /home/pmahendro/public_html/sinarputra/protected/modules/manufacture/controllers/WorkOrderCuttingController.php (57)
in /home/pmahendro/public_html/sinarputra/protected/modules/manufacture/controllers/WorkOrderCuttingController.php (429)
in /home/pmahendro/public_html/sinarputra/protected/modules/manufacture/controllers/WorkOrderCuttingController.php (27)
2026/09/12 22:46:10 [warning] [application] Failed to set unsafe attribute "is_coating" of "WorkOrderCuttingDetail".
in /home/pmahendro/public_html/sinarputra/protected/modules/manufacture/controllers/WorkOrderCuttingController.php (57)
in /home/pmahendro/public_html/sinarputra/protected/modules/manufacture/controllers/WorkOrderCuttingController.php (429)
in /home/pmahendro/public_html/sinarputra/protected/modules/manufacture/controllers/WorkOrderCuttingController.php (27)
2026/09/12 22:46:10 [warning] [application] Failed to set unsafe attribute "is_coating" of "WorkOrderCuttingDetail".
in /home/pmahendro/public_html/sinarputra/protected/modules/manufacture/controllers/WorkOrderCuttingController.php (57)
in /home/pmahendro/public_html/sinarputra/protected/modules/manufacture/controllers/WorkOrderCuttingController.php (429)
in /home/pmahendro/public_html/sinarputra/protected/modules/manufacture/controllers/WorkOrderCuttingController.php (27)
2026/09/12 22:46:10 [warning] [application] Failed to set unsafe attribute "is_coating" of "WorkOrderCuttingDetail".
in /home/pmahendro/public_html/sinarputra/protected/modules/manufacture/controllers/WorkOrderCuttingController.php (57)
in /home/pmahendro/public_html/sinarputra/protected/modules/manufacture/controllers/WorkOrderCuttingController.php (429)
in /home/pmahendro/public_html/sinarputra/protected/modules/manufacture/controllers/WorkOrderCuttingController.php (27)
2026/09/12 22:46:10 [warning] [application] Failed to set unsafe attribute "is_coating" of "WorkOrderCuttingDetail".
in /home/pmahendro/public_html/sinarputra/protected/modules/manufacture/controllers/WorkOrderCuttingController.php (57)
in /home/pmahendro/public_html/sinarputra/protected/modules/manufacture/controllers/WorkOrderCuttingController.php (429)
in /home/pmahendro/public_html/sinarputra/protected/modules/manufacture/controllers/WorkOrderCuttingController.php (27)
2026/09/12 22:46:10 [warning] [application] Failed to set unsafe attribute "is_coating" of "WorkOrderCuttingDetail".
in /home/pmahendro/public_html/sinarputra/protected/modules/manufacture/controllers/WorkOrderCuttingController.php (57)
in /home/pmahendro/public_html/sinarputra/protected/modules/manufacture/controllers/WorkOrderCuttingController.php (429)
in /home/pmahendro/public_html/sinarputra/protected/modules/manufacture/controllers/WorkOrderCuttingController.php (27)
2026/09/12 22:46:10 [warning] [application] Failed to set unsafe attribute "is_coating" of "WorkOrderCuttingDetail".
in /home/pmahendro/public_html/sinarputra/protected/modules/manufacture/controllers/WorkOrderCuttingController.php (57)
in /home/pmahendro/public_html/sinarputra/protected/modules/manufacture/controllers/WorkOrderCuttingController.php (429)
in /home/pmahendro/public_html/sinarputra/protected/modules/manufacture/controllers/WorkOrderCuttingController.php (27)
2026/09/12 22:46:10 [warning] [application] Failed to set unsafe attribute "is_coating" of "WorkOrderCuttingDetail".
in /home/pmahendro/public_html/sinarputra/protected/modules/manufacture/controllers/WorkOrderCuttingController.php (57)
in /home/pmahendro/public_html/sinarputra/protected/modules/manufacture/controllers/WorkOrderCuttingController.php (429)
in /home/pmahendro/public_html/sinarputra/protected/modules/manufacture/controllers/WorkOrderCuttingController.php (27)
2026/09/12 22:46:11 [warning] [application] Failed to set unsafe attribute "is_coating" of "WorkOrderCuttingDetail".
in /home/pmahendro/public_html/sinarputra/protected/modules/manufacture/controllers/WorkOrderCuttingController.php (57)
in /home/pmahendro/public_html/sinarputra/protected/modules/manufacture/controllers/WorkOrderCuttingController.php (429)
in /home/pmahendro/public_html/sinarputra/protected/modules/manufacture/controllers/WorkOrderCuttingController.php (27)
2026/09/12 22:46:11 [warning] [application] Failed to set unsafe attribute "is_coating" of "WorkOrderCuttingDetail".
in /home/pmahendro/public_html/sinarputra/protected/modules/manufacture/controllers/WorkOrderCuttingController.php (57)
in /home/pmahendro/public_html/sinarputra/protected/modules/manufacture/controllers/WorkOrderCuttingController.php (429)
in /home/pmahendro/public_html/sinarputra/protected/modules/manufacture/controllers/WorkOrderCuttingController.php (27)
2026/09/12 22:46:11 [warning] [application] Failed to set unsafe attribute "is_coating" of "WorkOrderCuttingDetail".
in /home/pmahendro/public_html/sinarputra/protected/modules/manufacture/controllers/WorkOrderCuttingController.php (57)
in /home/pmahendro/public_html/sinarputra/protected/modules/manufacture/controllers/WorkOrderCuttingController.php (429)
in /home/pmahendro/public_html/sinarputra/protected/modules/manufacture/controllers/WorkOrderCuttingController.php (27)
2026/09/12 22:46:11 [warning] [application] Failed to set unsafe attribute "is_coating" of "WorkOrderCuttingDetail".
in /home/pmahendro/public_html/sinarputra/protected/modules/manufacture/controllers/WorkOrderCuttingController.php (57)
in /home/pmahendro/public_html/sinarputra/protected/modules/manufacture/controllers/WorkOrderCuttingController.php (429)
in /home/pmahendro/public_html/sinarputra/protected/modules/manufacture/controllers/WorkOrderCuttingController.php (27)
2026/09/12 22:46:11 [warning] [application] Failed to set unsafe attribute "is_coating" of "WorkOrderCuttingDetail".
in /home/pmahendro/public_html/sinarputra/protected/modules/manufacture/controllers/WorkOrderCuttingController.php (57)
in /home/pmahendro/public_html/sinarputra/protected/modules/manufacture/controllers/WorkOrderCuttingController.php (429)
in /home/pmahendro/public_html/sinarputra/protected/modules/manufacture/controllers/WorkOrderCuttingController.php (27)
2026/09/12 22:46:11 [warning] [application] Failed to set unsafe attribute "is_coating" of "WorkOrderCuttingDetail".
in /home/pmahendro/public_html/sinarputra/protected/modules/manufacture/controllers/WorkOrderCuttingController.php (57)
in /home/pmahendro/public_html/sinarputra/protected/modules/manufacture/controllers/WorkOrderCuttingController.php (429)
in /home/pmahendro/public_html/sinarputra/protected/modules/manufacture/controllers/WorkOrderCuttingController.php (27)
2026/09/12 22:46:11 [warning] [application] Failed to set unsafe attribute "is_coating" of "WorkOrderCuttingDetail".
in /home/pmahendro/public_html/sinarputra/protected/modules/manufacture/controllers/WorkOrderCuttingController.php (57)
in /home/pmahendro/public_html/sinarputra/protected/modules/manufacture/controllers/WorkOrderCuttingController.php (429)
in /home/pmahendro/public_html/sinarputra/protected/modules/manufacture/controllers/WorkOrderCuttingController.php (27)
2026/09/12 22:46:11 [warning] [application] Failed to set unsafe attribute "is_coating" of "WorkOrderCuttingDetail".
in /home/pmahendro/public_html/sinarputra/protected/modules/manufacture/controllers/WorkOrderCuttingController.php (57)
in /home/pmahendro/public_html/sinarputra/protected/modules/manufacture/controllers/WorkOrderCuttingController.php (429)
in /home/pmahendro/public_html/sinarputra/protected/modules/manufacture/controllers/WorkOrderCuttingController.php (27)
2026/09/12 22:46:11 [warning] [application] Failed to set unsafe attribute "is_coating" of "WorkOrderCuttingDetail".
in /home/pmahendro/public_html/sinarputra/protected/modules/manufacture/controllers/WorkOrderCuttingController.php (57)
in /home/pmahendro/public_html/sinarputra/protected/modules/manufacture/controllers/WorkOrderCuttingController.php (429)
in /home/pmahendro/public_html/sinarputra/protected/modules/manufacture/controllers/WorkOrderCuttingController.php (27)
2026/09/12 22:46:11 [warning] [application] Failed to set unsafe attribute "is_coating" of "WorkOrderCuttingDetail".
in /home/pmahendro/public_html/sinarputra/protected/modules/manufacture/controllers/WorkOrderCuttingController.php (57)
in /home/pmahendro/public_html/sinarputra/protected/modules/manufacture/controllers/WorkOrderCuttingController.php (429)
in /home/pmahendro/public_html/sinarputra/protected/modules/manufacture/controllers/WorkOrderCuttingController.php (27)
2026/09/12 22:46:11 [warning] [application] Failed to set unsafe attribute "is_coating" of "WorkOrderCuttingDetail".
in /home/pmahendro/public_html/sinarputra/protected/modules/manufacture/controllers/WorkOrderCuttingController.php (57)
in /home/pmahendro/public_html/sinarputra/protected/modules/manufacture/controllers/WorkOrderCuttingController.php (429)
in /home/pmahendro/public_html/sinarputra/protected/modules/manufacture/controllers/WorkOrderCuttingController.php (27)
2026/09/12 22:46:11 [warning] [application] Failed to set unsafe attribute "is_coating" of "WorkOrderCuttingDetail".
in /home/pmahendro/public_html/sinarputra/protected/modules/manufacture/controllers/WorkOrderCuttingController.php (57)
in /home/pmahendro/public_html/sinarputra/protected/modules/manufacture/controllers/WorkOrderCuttingController.php (429)
in /home/pmahendro/public_html/sinarputra/protected/modules/manufacture/controllers/WorkOrderCuttingController.php (27)
2026/09/12 22:46:11 [warning] [application] Failed to set unsafe attribute "is_coating" of "WorkOrderCuttingDetail".
in /home/pmahendro/public_html/sinarputra/protected/modules/manufacture/controllers/WorkOrderCuttingController.php (57)
in /home/pmahendro/public_html/sinarputra/protected/modules/manufacture/controllers/WorkOrderCuttingController.php (429)
in /home/pmahendro/public_html/sinarputra/protected/modules/manufacture/controllers/WorkOrderCuttingController.php (27)
2026/09/12 22:46:11 [warning] [application] Failed to set unsafe attribute "is_coating" of "WorkOrderCuttingDetail".
in /home/pmahendro/public_html/sinarputra/protected/modules/manufacture/controllers/WorkOrderCuttingController.php (57)
in /home/pmahendro/public_html/sinarputra/protected/modules/manufacture/controllers/WorkOrderCuttingController.php (429)
in /home/pmahendro/public_html/sinarputra/protected/modules/manufacture/controllers/WorkOrderCuttingController.php (27)
2026/09/12 22:46:11 [warning] [application] Failed to set unsafe attribute "is_coating" of "WorkOrderCuttingDetail".
in /home/pmahendro/public_html/sinarputra/protected/modules/manufacture/controllers/WorkOrderCuttingController.php (57)
in /home/pmahendro/public_html/sinarputra/protected/modules/manufacture/controllers/WorkOrderCuttingController.php (429)
in /home/pmahendro/public_html/sinarputra/protected/modules/manufacture/controllers/WorkOrderCuttingController.php (27)
2026/09/12 22:46:11 [warning] [application] Failed to set unsafe attribute "is_coating" of "WorkOrderCuttingDetail".
in /home/pmahendro/public_html/sinarputra/protected/modules/manufacture/controllers/WorkOrderCuttingController.php (57)
in /home/pmahendro/public_html/sinarputra/protected/modules/manufacture/controllers/WorkOrderCuttingController.php (429)
in /home/pmahendro/public_html/sinarputra/protected/modules/manufacture/controllers/WorkOrderCuttingController.php (27)
2026/09/12 22:46:11 [warning] [application] Failed to set unsafe attribute "is_coating" of "WorkOrderCuttingDetail".
in /home/pmahendro/public_html/sinarputra/protected/modules/manufacture/controllers/WorkOrderCuttingController.php (57)
in /home/pmahendro/public_html/sinarputra/protected/modules/manufacture/controllers/WorkOrderCuttingController.php (429)
in /home/pmahendro/public_html/sinarputra/protected/modules/manufacture/controllers/WorkOrderCuttingController.php (27)
2026/09/12 22:46:11 [warning] [application] Failed to set unsafe attribute "is_coating" of "WorkOrderCuttingDetail".
in /home/pmahendro/public_html/sinarputra/protected/modules/manufacture/controllers/WorkOrderCuttingController.php (57)
in /home/pmahendro/public_html/sinarputra/protected/modules/manufacture/controllers/WorkOrderCuttingController.php (429)
in /home/pmahendro/public_html/sinarputra/protected/modules/manufacture/controllers/WorkOrderCuttingController.php (27)
2026/09/12 22:46:11 [warning] [application] Failed to set unsafe attribute "is_coating" of "WorkOrderCuttingDetail".
in /home/pmahendro/public_html/sinarputra/protected/modules/manufacture/controllers/WorkOrderCuttingController.php (57)
in /home/pmahendro/public_html/sinarputra/protected/modules/manufacture/controllers/WorkOrderCuttingController.php (429)
in /home/pmahendro/public_html/sinarputra/protected/modules/manufacture/controllers/WorkOrderCuttingController.php (27)
2026/09/12 22:46:11 [warning] [application] Failed to set unsafe attribute "is_coating" of "WorkOrderCuttingDetail".
in /home/pmahendro/public_html/sinarputra/protected/modules/manufacture/controllers/WorkOrderCuttingController.php (57)
in /home/pmahendro/public_html/sinarputra/protected/modules/manufacture/controllers/WorkOrderCuttingController.php (429)
in /home/pmahendro/public_html/sinarputra/protected/modules/manufacture/controllers/WorkOrderCuttingController.php (27)
2026/09/12 22:46:11 [warning] [application] Failed to set unsafe attribute "is_coating" of "WorkOrderCuttingDetail".
in /home/pmahendro/public_html/sinarputra/protected/modules/manufacture/controllers/WorkOrderCuttingController.php (57)
in /home/pmahendro/public_html/sinarputra/protected/modules/manufacture/controllers/WorkOrderCuttingController.php (429)
in /home/pmahendro/public_html/sinarputra/protected/modules/manufacture/controllers/WorkOrderCuttingController.php (27)
2026/09/12 22:46:11 [warning] [application] Failed to set unsafe attribute "is_coating" of "WorkOrderCuttingDetail".
in /home/pmahendro/public_html/sinarputra/protected/modules/manufacture/controllers/WorkOrderCuttingController.php (57)
in /home/pmahendro/public_html/sinarputra/protected/modules/manufacture/controllers/WorkOrderCuttingController.php (429)
in /home/pmahendro/public_html/sinarputra/protected/modules/manufacture/controllers/WorkOrderCuttingController.php (27)
2026/09/12 22:46:11 [warning] [application] Failed to set unsafe attribute "is_coating" of "WorkOrderCuttingDetail".
in /home/pmahendro/public_html/sinarputra/protected/modules/manufacture/controllers/WorkOrderCuttingController.php (57)
in /home/pmahendro/public_html/sinarputra/protected/modules/manufacture/controllers/WorkOrderCuttingController.php (429)
in /home/pmahendro/public_html/sinarputra/protected/modules/manufacture/controllers/WorkOrderCuttingController.php (27)
2026/09/12 22:46:11 [warning] [application] Failed to set unsafe attribute "is_coating" of "WorkOrderCuttingDetail".
in /home/pmahendro/public_html/sinarputra/protected/modules/manufacture/controllers/WorkOrderCuttingController.php (57)
in /home/pmahendro/public_html/sinarputra/protected/modules/manufacture/controllers/WorkOrderCuttingController.php (429)
in /home/pmahendro/public_html/sinarputra/protected/modules/manufacture/controllers/WorkOrderCuttingController.php (27)
2026/09/12 22:46:11 [warning] [application] Failed to set unsafe attribute "is_coating" of "WorkOrderCuttingDetail".
in /home/pmahendro/public_html/sinarputra/protected/modules/manufacture/controllers/WorkOrderCuttingController.php (57)
in /home/pmahendro/public_html/sinarputra/protected/modules/manufacture/controllers/WorkOrderCuttingController.php (429)
in /home/pmahendro/public_html/sinarputra/protected/modules/manufacture/controllers/WorkOrderCuttingController.php (27)
2026/09/12 22:46:11 [warning] [application] Failed to set unsafe attribute "is_coating" of "WorkOrderCuttingDetail".
in /home/pmahendro/public_html/sinarputra/protected/modules/manufacture/controllers/WorkOrderCuttingController.php (57)
in /home/pmahendro/public_html/sinarputra/protected/modules/manufacture/controllers/WorkOrderCuttingController.php (429)
in /home/pmahendro/public_html/sinarputra/protected/modules/manufacture/controllers/WorkOrderCuttingController.php (27)
2026/09/12 22:46:11 [warning] [application] Failed to set unsafe attribute "is_coating" of "WorkOrderCuttingDetail".
in /home/pmahendro/public_html/sinarputra/protected/modules/manufacture/controllers/WorkOrderCuttingController.php (57)
in /home/pmahendro/public_html/sinarputra/protected/modules/manufacture/controllers/WorkOrderCuttingController.php (429)
in /home/pmahendro/public_html/sinarputra/protected/modules/manufacture/controllers/WorkOrderCuttingController.php (27)
2026/09/12 22:46:11 [warning] [application] Failed to set unsafe attribute "is_coating" of "WorkOrderCuttingDetail".
in /home/pmahendro/public_html/sinarputra/protected/modules/manufacture/controllers/WorkOrderCuttingController.php (57)
in /home/pmahendro/public_html/sinarputra/protected/modules/manufacture/controllers/WorkOrderCuttingController.php (429)
in /home/pmahendro/public_html/sinarputra/protected/modules/manufacture/controllers/WorkOrderCuttingController.php (27)
2026/09/12 22:46:11 [warning] [application] Failed to set unsafe attribute "is_coating" of "WorkOrderCuttingDetail".
in /home/pmahendro/public_html/sinarputra/protected/modules/manufacture/controllers/WorkOrderCuttingController.php (57)
in /home/pmahendro/public_html/sinarputra/protected/modules/manufacture/controllers/WorkOrderCuttingController.php (429)
in /home/pmahendro/public_html/sinarputra/protected/modules/manufacture/controllers/WorkOrderCuttingController.php (27)
2026/09/12 22:46:11 [warning] [application] Failed to set unsafe attribute "is_coating" of "WorkOrderCuttingDetail".
in /home/pmahendro/public_html/sinarputra/protected/modules/manufacture/controllers/WorkOrderCuttingController.php (57)
in /home/pmahendro/public_html/sinarputra/protected/modules/manufacture/controllers/WorkOrderCuttingController.php (429)
in /home/pmahendro/public_html/sinarputra/protected/modules/manufacture/controllers/WorkOrderCuttingController.php (27)
2026/09/12 22:46:11 [warning] [application] Failed to set unsafe attribute "is_coating" of "WorkOrderCuttingDetail".
in /home/pmahendro/public_html/sinarputra/protected/modules/manufacture/controllers/WorkOrderCuttingController.php (57)
in /home/pmahendro/public_html/sinarputra/protected/modules/manufacture/controllers/WorkOrderCuttingController.php (429)
in /home/pmahendro/public_html/sinarputra/protected/modules/manufacture/controllers/WorkOrderCuttingController.php (27)
2026/09/12 22:46:11 [warning] [application] Failed to set unsafe attribute "is_coating" of "WorkOrderCuttingDetail".
in /home/pmahendro/public_html/sinarputra/protected/modules/manufacture/controllers/WorkOrderCuttingController.php (57)
in /home/pmahendro/public_html/sinarputra/protected/modules/manufacture/controllers/WorkOrderCuttingController.php (429)
in /home/pmahendro/public_html/sinarputra/protected/modules/manufacture/controllers/WorkOrderCuttingController.php (27)
2026/09/12 22:46:11 [warning] [application] Failed to set unsafe attribute "is_coating" of "WorkOrderCuttingDetail".
in /home/pmahendro/public_html/sinarputra/protected/modules/manufacture/controllers/WorkOrderCuttingController.php (57)
in /home/pmahendro/public_html/sinarputra/protected/modules/manufacture/controllers/WorkOrderCuttingController.php (429)
in /home/pmahendro/public_html/sinarputra/protected/modules/manufacture/controllers/WorkOrderCuttingController.php (27)
2026/09/12 22:46:11 [warning] [application] Failed to set unsafe attribute "is_coating" of "WorkOrderCuttingDetail".
in /home/pmahendro/public_html/sinarputra/protected/modules/manufacture/controllers/WorkOrderCuttingController.php (57)
in /home/pmahendro/public_html/sinarputra/protected/modules/manufacture/controllers/WorkOrderCuttingController.php (429)
in /home/pmahendro/public_html/sinarputra/protected/modules/manufacture/controllers/WorkOrderCuttingController.php (27)
2026/09/12 22:46:11 [warning] [application] Failed to set unsafe attribute "is_coating" of "WorkOrderCuttingDetail".
in /home/pmahendro/public_html/sinarputra/protected/modules/manufacture/controllers/WorkOrderCuttingController.php (57)
in /home/pmahendro/public_html/sinarputra/protected/modules/manufacture/controllers/WorkOrderCuttingController.php (429)
in /home/pmahendro/public_html/sinarputra/protected/modules/manufacture/controllers/WorkOrderCuttingController.php (27)
2026/09/12 22:46:11 [warning] [application] Failed to set unsafe attribute "is_coating" of "WorkOrderCuttingDetail".
in /home/pmahendro/public_html/sinarputra/protected/modules/manufacture/controllers/WorkOrderCuttingController.php (57)
in /home/pmahendro/public_html/sinarputra/protected/modules/manufacture/controllers/WorkOrderCuttingController.php (429)
in /home/pmahendro/public_html/sinarputra/protected/modules/manufacture/controllers/WorkOrderCuttingController.php (27)
2026/09/12 22:46:11 [warning] [application] Failed to set unsafe attribute "is_coating" of "WorkOrderCuttingDetail".
in /home/pmahendro/public_html/sinarputra/protected/modules/manufacture/controllers/WorkOrderCuttingController.php (57)
in /home/pmahendro/public_html/sinarputra/protected/modules/manufacture/controllers/WorkOrderCuttingController.php (429)
in /home/pmahendro/public_html/sinarputra/protected/modules/manufacture/controllers/WorkOrderCuttingController.php (27)
2026/09/12 22:46:11 [warning] [application] Failed to set unsafe attribute "is_coating" of "WorkOrderCuttingDetail".
in /home/pmahendro/public_html/sinarputra/protected/modules/manufacture/controllers/WorkOrderCuttingController.php (57)
in /home/pmahendro/public_html/sinarputra/protected/modules/manufacture/controllers/WorkOrderCuttingController.php (429)
in /home/pmahendro/public_html/sinarputra/protected/modules/manufacture/controllers/WorkOrderCuttingController.php (27)
2026/09/12 22:46:11 [warning] [application] Failed to set unsafe attribute "is_coating" of "WorkOrderCuttingDetail".
in /home/pmahendro/public_html/sinarputra/protected/modules/manufacture/controllers/WorkOrderCuttingController.php (57)
in /home/pmahendro/public_html/sinarputra/protected/modules/manufacture/controllers/WorkOrderCuttingController.php (429)
in /home/pmahendro/public_html/sinarputra/protected/modules/manufacture/controllers/WorkOrderCuttingController.php (27)
2026/09/12 22:46:11 [warning] [application] Failed to set unsafe attribute "is_coating" of "WorkOrderCuttingDetail".
in /home/pmahendro/public_html/sinarputra/protected/modules/manufacture/controllers/WorkOrderCuttingController.php (57)
in /home/pmahendro/public_html/sinarputra/protected/modules/manufacture/controllers/WorkOrderCuttingController.php (429)
in /home/pmahendro/public_html/sinarputra/protected/modules/manufacture/controllers/WorkOrderCuttingController.php (27)
2026/09/12 22:46:11 [warning] [application] Failed to set unsafe attribute "is_coating" of "WorkOrderCuttingDetail".
in /home/pmahendro/public_html/sinarputra/protected/modules/manufacture/controllers/WorkOrderCuttingController.php (57)
in /home/pmahendro/public_html/sinarputra/protected/modules/manufacture/controllers/WorkOrderCuttingController.php (429)
in /home/pmahendro/public_html/sinarputra/protected/modules/manufacture/controllers/WorkOrderCuttingController.php (27)
2026/09/12 22:46:11 [warning] [application] Failed to set unsafe attribute "is_coating" of "WorkOrderCuttingDetail".
in /home/pmahendro/public_html/sinarputra/protected/modules/manufacture/controllers/WorkOrderCuttingController.php (57)
in /home/pmahendro/public_html/sinarputra/protected/modules/manufacture/controllers/WorkOrderCuttingController.php (429)
in /home/pmahendro/public_html/sinarputra/protected/modules/manufacture/controllers/WorkOrderCuttingController.php (27)
2026/09/12 22:46:11 [warning] [application] Failed to set unsafe attribute "is_coating" of "WorkOrderCuttingDetail".
in /home/pmahendro/public_html/sinarputra/protected/modules/manufacture/controllers/WorkOrderCuttingController.php (57)
in /home/pmahendro/public_html/sinarputra/protected/modules/manufacture/controllers/WorkOrderCuttingController.php (429)
in /home/pmahendro/public_html/sinarputra/protected/modules/manufacture/controllers/WorkOrderCuttingController.php (27)
2026/09/12 22:46:12 [warning] [application] Failed to set unsafe attribute "is_coating" of "WorkOrderCuttingDetail".
in /home/pmahendro/public_html/sinarputra/protected/modules/manufacture/controllers/WorkOrderCuttingController.php (57)
in /home/pmahendro/public_html/sinarputra/protected/modules/manufacture/controllers/WorkOrderCuttingController.php (429)
in /home/pmahendro/public_html/sinarputra/protected/modules/manufacture/controllers/WorkOrderCuttingController.php (27)
2026/09/12 22:46:12 [warning] [application] Failed to set unsafe attribute "is_coating" of "WorkOrderCuttingDetail".
in /home/pmahendro/public_html/sinarputra/protected/modules/manufacture/controllers/WorkOrderCuttingController.php (57)
in /home/pmahendro/public_html/sinarputra/protected/modules/manufacture/controllers/WorkOrderCuttingController.php (429)
in /home/pmahendro/public_html/sinarputra/protected/modules/manufacture/controllers/WorkOrderCuttingController.php (27)
2026/09/12 22:46:12 [warning] [application] Failed to set unsafe attribute "is_coating" of "WorkOrderCuttingDetail".
in /home/pmahendro/public_html/sinarputra/protected/modules/manufacture/controllers/WorkOrderCuttingController.php (57)
in /home/pmahendro/public_html/sinarputra/protected/modules/manufacture/controllers/WorkOrderCuttingController.php (429)
in /home/pmahendro/public_html/sinarputra/protected/modules/manufacture/controllers/WorkOrderCuttingController.php (27)
2026/09/12 22:46:12 [warning] [application] Failed to set unsafe attribute "is_coating" of "WorkOrderCuttingDetail".
in /home/pmahendro/public_html/sinarputra/protected/modules/manufacture/controllers/WorkOrderCuttingController.php (57)
in /home/pmahendro/public_html/sinarputra/protected/modules/manufacture/controllers/WorkOrderCuttingController.php (429)
in /home/pmahendro/public_html/sinarputra/protected/modules/manufacture/controllers/WorkOrderCuttingController.php (27)
2026/09/12 22:46:12 [warning] [application] Failed to set unsafe attribute "is_coating" of "WorkOrderCuttingDetail".
in /home/pmahendro/public_html/sinarputra/protected/modules/manufacture/controllers/WorkOrderCuttingController.php (57)
in /home/pmahendro/public_html/sinarputra/protected/modules/manufacture/controllers/WorkOrderCuttingController.php (429)
in /home/pmahendro/public_html/sinarputra/protected/modules/manufacture/controllers/WorkOrderCuttingController.php (27)
2026/09/12 22:46:12 [warning] [application] Failed to set unsafe attribute "is_coating" of "WorkOrderCuttingDetail".
in /home/pmahendro/public_html/sinarputra/protected/modules/manufacture/controllers/WorkOrderCuttingController.php (57)
in /home/pmahendro/public_html/sinarputra/protected/modules/manufacture/controllers/WorkOrderCuttingController.php (429)
in /home/pmahendro/public_html/sinarputra/protected/modules/manufacture/controllers/WorkOrderCuttingController.php (27)
2026/09/12 22:46:12 [warning] [application] Failed to set unsafe attribute "is_coating" of "WorkOrderCuttingDetail".
in /home/pmahendro/public_html/sinarputra/protected/modules/manufacture/controllers/WorkOrderCuttingController.php (57)
in /home/pmahendro/public_html/sinarputra/protected/modules/manufacture/controllers/WorkOrderCuttingController.php (429)
in /home/pmahendro/public_html/sinarputra/protected/modules/manufacture/controllers/WorkOrderCuttingController.php (27)
2026/09/12 22:46:12 [warning] [application] Failed to set unsafe attribute "is_coating" of "WorkOrderCuttingDetail".
in /home/pmahendro/public_html/sinarputra/protected/modules/manufacture/controllers/WorkOrderCuttingController.php (57)
in /home/pmahendro/public_html/sinarputra/protected/modules/manufacture/controllers/WorkOrderCuttingController.php (429)
in /home/pmahendro/public_html/sinarputra/protected/modules/manufacture/controllers/WorkOrderCuttingController.php (27)
2026/09/12 22:46:12 [warning] [application] Failed to set unsafe attribute "is_coating" of "WorkOrderCuttingDetail".
in /home/pmahendro/public_html/sinarputra/protected/modules/manufacture/controllers/WorkOrderCuttingController.php (57)
in /home/pmahendro/public_html/sinarputra/protected/modules/manufacture/controllers/WorkOrderCuttingController.php (429)
in /home/pmahendro/public_html/sinarputra/protected/modules/manufacture/controllers/WorkOrderCuttingController.php (27)
2026/09/12 22:46:12 [warning] [application] Failed to set unsafe attribute "is_coating" of "WorkOrderCuttingDetail".
in /home/pmahendro/public_html/sinarputra/protected/modules/manufacture/controllers/WorkOrderCuttingController.php (57)
in /home/pmahendro/public_html/sinarputra/protected/modules/manufacture/controllers/WorkOrderCuttingController.php (429)
in /home/pmahendro/public_html/sinarputra/protected/modules/manufacture/controllers/WorkOrderCuttingController.php (27)
2026/09/12 22:46:12 [warning] [application] Failed to set unsafe attribute "is_coating" of "WorkOrderCuttingDetail".
in /home/pmahendro/public_html/sinarputra/protected/modules/manufacture/controllers/WorkOrderCuttingController.php (57)
in /home/pmahendro/public_html/sinarputra/protected/modules/manufacture/controllers/WorkOrderCuttingController.php (429)
in /home/pmahendro/public_html/sinarputra/protected/modules/manufacture/controllers/WorkOrderCuttingController.php (27)
2026/09/12 22:46:12 [warning] [application] Failed to set unsafe attribute "is_coating" of "WorkOrderCuttingDetail".
in /home/pmahendro/public_html/sinarputra/protected/modules/manufacture/controllers/WorkOrderCuttingController.php (57)
in /home/pmahendro/public_html/sinarputra/protected/modules/manufacture/controllers/WorkOrderCuttingController.php (429)
in /home/pmahendro/public_html/sinarputra/protected/modules/manufacture/controllers/WorkOrderCuttingController.php (27)
2026/09/12 22:46:12 [warning] [application] Failed to set unsafe attribute "is_coating" of "WorkOrderCuttingDetail".
in /home/pmahendro/public_html/sinarputra/protected/modules/manufacture/controllers/WorkOrderCuttingController.php (57)
in /home/pmahendro/public_html/sinarputra/protected/modules/manufacture/controllers/WorkOrderCuttingController.php (429)
in /home/pmahendro/public_html/sinarputra/protected/modules/manufacture/controllers/WorkOrderCuttingController.php (27)
2026/09/12 22:46:12 [warning] [application] Failed to set unsafe attribute "is_coating" of "WorkOrderCuttingDetail".
in /home/pmahendro/public_html/sinarputra/protected/modules/manufacture/controllers/WorkOrderCuttingController.php (57)
in /home/pmahendro/public_html/sinarputra/protected/modules/manufacture/controllers/WorkOrderCuttingController.php (429)
in /home/pmahendro/public_html/sinarputra/protected/modules/manufacture/controllers/WorkOrderCuttingController.php (27)
2026/09/12 22:46:12 [warning] [application] Failed to set unsafe attribute "is_coating" of "WorkOrderCuttingDetail".
in /home/pmahendro/public_html/sinarputra/protected/modules/manufacture/controllers/WorkOrderCuttingController.php (57)
in /home/pmahendro/public_html/sinarputra/protected/modules/manufacture/controllers/WorkOrderCuttingController.php (429)
in /home/pmahendro/public_html/sinarputra/protected/modules/manufacture/controllers/WorkOrderCuttingController.php (27)
2026/09/12 22:46:12 [warning] [application] Failed to set unsafe attribute "is_coating" of "WorkOrderCuttingDetail".
in /home/pmahendro/public_html/sinarputra/protected/modules/manufacture/controllers/WorkOrderCuttingController.php (57)
in /home/pmahendro/public_html/sinarputra/protected/modules/manufacture/controllers/WorkOrderCuttingController.php (429)
in /home/pmahendro/public_html/sinarputra/protected/modules/manufacture/controllers/WorkOrderCuttingController.php (27)
2026/09/12 22:46:12 [warning] [application] Failed to set unsafe attribute "is_coating" of "WorkOrderCuttingDetail".
in /home/pmahendro/public_html/sinarputra/protected/modules/manufacture/controllers/WorkOrderCuttingController.php (57)
in /home/pmahendro/public_html/sinarputra/protected/modules/manufacture/controllers/WorkOrderCuttingController.php (429)
in /home/pmahendro/public_html/sinarputra/protected/modules/manufacture/controllers/WorkOrderCuttingController.php (27)
2026/09/12 22:46:12 [warning] [application] Failed to set unsafe attribute "is_coating" of "WorkOrderCuttingDetail".
in /home/pmahendro/public_html/sinarputra/protected/modules/manufacture/controllers/WorkOrderCuttingController.php (57)
in /home/pmahendro/public_html/sinarputra/protected/modules/manufacture/controllers/WorkOrderCuttingController.php (429)
in /home/pmahendro/public_html/sinarputra/protected/modules/manufacture/controllers/WorkOrderCuttingController.php (27)
2026/09/12 22:46:12 [warning] [application] Failed to set unsafe attribute "is_coating" of "WorkOrderCuttingDetail".
in /home/pmahendro/public_html/sinarputra/protected/modules/manufacture/controllers/WorkOrderCuttingController.php (57)
in /home/pmahendro/public_html/sinarputra/protected/modules/manufacture/controllers/WorkOrderCuttingController.php (429)
in /home/pmahendro/public_html/sinarputra/protected/modules/manufacture/controllers/WorkOrderCuttingController.php (27)
2026/09/12 22:46:12 [warning] [application] Failed to set unsafe attribute "is_coating" of "WorkOrderCuttingDetail".
in /home/pmahendro/public_html/sinarputra/protected/modules/manufacture/controllers/WorkOrderCuttingController.php (57)
in /home/pmahendro/public_html/sinarputra/protected/modules/manufacture/controllers/WorkOrderCuttingController.php (429)
in /home/pmahendro/public_html/sinarputra/protected/modules/manufacture/controllers/WorkOrderCuttingController.php (27)
2026/09/12 22:46:12 [warning] [application] Failed to set unsafe attribute "is_coating" of "WorkOrderCuttingDetail".
in /home/pmahendro/public_html/sinarputra/protected/modules/manufacture/controllers/WorkOrderCuttingController.php (57)
in /home/pmahendro/public_html/sinarputra/protected/modules/manufacture/controllers/WorkOrderCuttingController.php (429)
in /home/pmahendro/public_html/sinarputra/protected/modules/manufacture/controllers/WorkOrderCuttingController.php (27)
2026/09/12 22:46:12 [warning] [application] Failed to set unsafe attribute "is_coating" of "WorkOrderCuttingDetail".
in /home/pmahendro/public_html/sinarputra/protected/modules/manufacture/controllers/WorkOrderCuttingController.php (57)
in /home/pmahendro/public_html/sinarputra/protected/modules/manufacture/controllers/WorkOrderCuttingController.php (429)
in /home/pmahendro/public_html/sinarputra/protected/modules/manufacture/controllers/WorkOrderCuttingController.php (27)
2026/09/12 22:46:12 [warning] [application] Failed to set unsafe attribute "is_coating" of "WorkOrderCuttingDetail".
in /home/pmahendro/public_html/sinarputra/protected/modules/manufacture/controllers/WorkOrderCuttingController.php (57)
in /home/pmahendro/public_html/sinarputra/protected/modules/manufacture/controllers/WorkOrderCuttingController.php (429)
in /home/pmahendro/public_html/sinarputra/protected/modules/manufacture/controllers/WorkOrderCuttingController.php (27)
2026/09/12 22:46:12 [warning] [application] Failed to set unsafe attribute "is_coating" of "WorkOrderCuttingDetail".
in /home/pmahendro/public_html/sinarputra/protected/modules/manufacture/controllers/WorkOrderCuttingController.php (57)
in /home/pmahendro/public_html/sinarputra/protected/modules/manufacture/controllers/WorkOrderCuttingController.php (429)
in /home/pmahendro/public_html/sinarputra/protected/modules/manufacture/controllers/WorkOrderCuttingController.php (27)
2026/09/12 22:46:12 [warning] [application] Failed to set unsafe attribute "is_coating" of "WorkOrderCuttingDetail".
in /home/pmahendro/public_html/sinarputra/protected/modules/manufacture/controllers/WorkOrderCuttingController.php (57)
in /home/pmahendro/public_html/sinarputra/protected/modules/manufacture/controllers/WorkOrderCuttingController.php (429)
in /home/pmahendro/public_html/sinarputra/protected/modules/manufacture/controllers/WorkOrderCuttingController.php (27)
2026/09/12 22:46:12 [warning] [application] Failed to set unsafe attribute "is_coating" of "WorkOrderCuttingDetail".
in /home/pmahendro/public_html/sinarputra/protected/modules/manufacture/controllers/WorkOrderCuttingController.php (57)
in /home/pmahendro/public_html/sinarputra/protected/modules/manufacture/controllers/WorkOrderCuttingController.php (429)
in /home/pmahendro/public_html/sinarputra/protected/modules/manufacture/controllers/WorkOrderCuttingController.php (27)
2026/09/12 22:46:12 [warning] [application] Failed to set unsafe attribute "is_coating" of "WorkOrderCuttingDetail".
in /home/pmahendro/public_html/sinarputra/protected/modules/manufacture/controllers/WorkOrderCuttingController.php (57)
in /home/pmahendro/public_html/sinarputra/protected/modules/manufacture/controllers/WorkOrderCuttingController.php (429)
in /home/pmahendro/public_html/sinarputra/protected/modules/manufacture/controllers/WorkOrderCuttingController.php (27)
2026/09/12 22:46:12 [warning] [application] Failed to set unsafe attribute "is_coating" of "WorkOrderCuttingDetail".
in /home/pmahendro/public_html/sinarputra/protected/modules/manufacture/controllers/WorkOrderCuttingController.php (57)
in /home/pmahendro/public_html/sinarputra/protected/modules/manufacture/controllers/WorkOrderCuttingController.php (429)
in /home/pmahendro/public_html/sinarputra/protected/modules/manufacture/controllers/WorkOrderCuttingController.php (27)
2026/09/12 22:46:12 [warning] [application] Failed to set unsafe attribute "is_coating" of "WorkOrderCuttingDetail".
in /home/pmahendro/public_html/sinarputra/protected/modules/manufacture/controllers/WorkOrderCuttingController.php (57)
in /home/pmahendro/public_html/sinarputra/protected/modules/manufacture/controllers/WorkOrderCuttingController.php (429)
in /home/pmahendro/public_html/sinarputra/protected/modules/manufacture/controllers/WorkOrderCuttingController.php (27)
2026/09/12 22:46:12 [warning] [application] Failed to set unsafe attribute "is_coating" of "WorkOrderCuttingDetail".
in /home/pmahendro/public_html/sinarputra/protected/modules/manufacture/controllers/WorkOrderCuttingController.php (57)
in /home/pmahendro/public_html/sinarputra/protected/modules/manufacture/controllers/WorkOrderCuttingController.php (429)
in /home/pmahendro/public_html/sinarputra/protected/modules/manufacture/controllers/WorkOrderCuttingController.php (27)
2026/09/12 22:46:12 [warning] [application] Failed to set unsafe attribute "is_coating" of "WorkOrderCuttingDetail".
in /home/pmahendro/public_html/sinarputra/protected/modules/manufacture/controllers/WorkOrderCuttingController.php (57)
in /home/pmahendro/public_html/sinarputra/protected/modules/manufacture/controllers/WorkOrderCuttingController.php (429)
in /home/pmahendro/public_html/sinarputra/protected/modules/manufacture/controllers/WorkOrderCuttingController.php (27)
2026/09/12 22:46:12 [warning] [application] Failed to set unsafe attribute "is_coating" of "WorkOrderCuttingDetail".
in /home/pmahendro/public_html/sinarputra/protected/modules/manufacture/controllers/WorkOrderCuttingController.php (57)
in /home/pmahendro/public_html/sinarputra/protected/modules/manufacture/controllers/WorkOrderCuttingController.php (429)
in /home/pmahendro/public_html/sinarputra/protected/modules/manufacture/controllers/WorkOrderCuttingController.php (27)
2026/09/12 22:46:12 [warning] [application] Failed to set unsafe attribute "is_coating" of "WorkOrderCuttingDetail".
in /home/pmahendro/public_html/sinarputra/protected/modules/manufacture/controllers/WorkOrderCuttingController.php (57)
in /home/pmahendro/public_html/sinarputra/protected/modules/manufacture/controllers/WorkOrderCuttingController.php (429)
in /home/pmahendro/public_html/sinarputra/protected/modules/manufacture/controllers/WorkOrderCuttingController.php (27)
2026/09/12 22:46:12 [warning] [application] Failed to set unsafe attribute "is_coating" of "WorkOrderCuttingDetail".
in /home/pmahendro/public_html/sinarputra/protected/modules/manufacture/controllers/WorkOrderCuttingController.php (57)
in /home/pmahendro/public_html/sinarputra/protected/modules/manufacture/controllers/WorkOrderCuttingController.php (429)
in /home/pmahendro/public_html/sinarputra/protected/modules/manufacture/controllers/WorkOrderCuttingController.php (27)
2026/09/12 22:46:12 [warning] [application] Failed to set unsafe attribute "is_coating" of "WorkOrderCuttingDetail".
in /home/pmahendro/public_html/sinarputra/protected/modules/manufacture/controllers/WorkOrderCuttingController.php (57)
in /home/pmahendro/public_html/sinarputra/protected/modules/manufacture/controllers/WorkOrderCuttingController.php (429)
in /home/pmahendro/public_html/sinarputra/protected/modules/manufacture/controllers/WorkOrderCuttingController.php (27)
2026/09/12 22:46:12 [warning] [application] Failed to set unsafe attribute "is_coating" of "WorkOrderCuttingDetail".
in /home/pmahendro/public_html/sinarputra/protected/modules/manufacture/controllers/WorkOrderCuttingController.php (57)
in /home/pmahendro/public_html/sinarputra/protected/modules/manufacture/controllers/WorkOrderCuttingController.php (429)
in /home/pmahendro/public_html/sinarputra/protected/modules/manufacture/controllers/WorkOrderCuttingController.php (27)
2026/09/12 22:46:12 [warning] [application] Failed to set unsafe attribute "is_coating" of "WorkOrderCuttingDetail".
in /home/pmahendro/public_html/sinarputra/protected/modules/manufacture/controllers/WorkOrderCuttingController.php (57)
in /home/pmahendro/public_html/sinarputra/protected/modules/manufacture/controllers/WorkOrderCuttingController.php (429)
in /home/pmahendro/public_html/sinarputra/protected/modules/manufacture/controllers/WorkOrderCuttingController.php (27)
2026/09/12 22:46:12 [warning] [application] Failed to set unsafe attribute "is_coating" of "WorkOrderCuttingDetail".
in /home/pmahendro/public_html/sinarputra/protected/modules/manufacture/controllers/WorkOrderCuttingController.php (57)
in /home/pmahendro/public_html/sinarputra/protected/modules/manufacture/controllers/WorkOrderCuttingController.php (429)
in /home/pmahendro/public_html/sinarputra/protected/modules/manufacture/controllers/WorkOrderCuttingController.php (27)
2026/09/12 22:46:12 [warning] [application] Failed to set unsafe attribute "is_coating" of "WorkOrderCuttingDetail".
in /home/pmahendro/public_html/sinarputra/protected/modules/manufacture/controllers/WorkOrderCuttingController.php (57)
in /home/pmahendro/public_html/sinarputra/protected/modules/manufacture/controllers/WorkOrderCuttingController.php (429)
in /home/pmahendro/public_html/sinarputra/protected/modules/manufacture/controllers/WorkOrderCuttingController.php (27)
2026/09/12 22:46:12 [warning] [application] Failed to set unsafe attribute "is_coating" of "WorkOrderCuttingDetail".
in /home/pmahendro/public_html/sinarputra/protected/modules/manufacture/controllers/WorkOrderCuttingController.php (57)
in /home/pmahendro/public_html/sinarputra/protected/modules/manufacture/controllers/WorkOrderCuttingController.php (429)
in /home/pmahendro/public_html/sinarputra/protected/modules/manufacture/controllers/WorkOrderCuttingController.php (27)
2026/09/12 22:46:12 [warning] [application] Failed to set unsafe attribute "is_coating" of "WorkOrderCuttingDetail".
in /home/pmahendro/public_html/sinarputra/protected/modules/manufacture/controllers/WorkOrderCuttingController.php (57)
in /home/pmahendro/public_html/sinarputra/protected/modules/manufacture/controllers/WorkOrderCuttingController.php (429)
in /home/pmahendro/public_html/sinarputra/protected/modules/manufacture/controllers/WorkOrderCuttingController.php (27)
2026/09/12 22:46:12 [warning] [application] Failed to set unsafe attribute "is_coating" of "WorkOrderCuttingDetail".
in /home/pmahendro/public_html/sinarputra/protected/modules/manufacture/controllers/WorkOrderCuttingController.php (57)
in /home/pmahendro/public_html/sinarputra/protected/modules/manufacture/controllers/WorkOrderCuttingController.php (429)
in /home/pmahendro/public_html/sinarputra/protected/modules/manufacture/controllers/WorkOrderCuttingController.php (27)
2026/09/12 22:46:12 [warning] [application] Failed to set unsafe attribute "is_coating" of "WorkOrderCuttingDetail".
in /home/pmahendro/public_html/sinarputra/protected/modules/manufacture/controllers/WorkOrderCuttingController.php (57)
in /home/pmahendro/public_html/sinarputra/protected/modules/manufacture/controllers/WorkOrderCuttingController.php (429)
in /home/pmahendro/public_html/sinarputra/protected/modules/manufacture/controllers/WorkOrderCuttingController.php (27)
2026/09/12 22:46:12 [warning] [application] Failed to set unsafe attribute "is_coating" of "WorkOrderCuttingDetail".
in /home/pmahendro/public_html/sinarputra/protected/modules/manufacture/controllers/WorkOrderCuttingController.php (57)
in /home/pmahendro/public_html/sinarputra/protected/modules/manufacture/controllers/WorkOrderCuttingController.php (429)
in /home/pmahendro/public_html/sinarputra/protected/modules/manufacture/controllers/WorkOrderCuttingController.php (27)
2026/09/12 22:46:12 [warning] [application] Failed to set unsafe attribute "is_coating" of "WorkOrderCuttingDetail".
in /home/pmahendro/public_html/sinarputra/protected/modules/manufacture/controllers/WorkOrderCuttingController.php (57)
in /home/pmahendro/public_html/sinarputra/protected/modules/manufacture/controllers/WorkOrderCuttingController.php (429)
in /home/pmahendro/public_html/sinarputra/protected/modules/manufacture/controllers/WorkOrderCuttingController.php (27)
2026/09/12 22:46:12 [warning] [application] Failed to set unsafe attribute "is_coating" of "WorkOrderCuttingDetail".
in /home/pmahendro/public_html/sinarputra/protected/modules/manufacture/controllers/WorkOrderCuttingController.php (57)
in /home/pmahendro/public_html/sinarputra/protected/modules/manufacture/controllers/WorkOrderCuttingController.php (429)
in /home/pmahendro/public_html/sinarputra/protected/modules/manufacture/controllers/WorkOrderCuttingController.php (27)
2026/09/12 22:46:12 [warning] [application] Failed to set unsafe attribute "is_coating" of "WorkOrderCuttingDetail".
in /home/pmahendro/public_html/sinarputra/protected/modules/manufacture/controllers/WorkOrderCuttingController.php (57)
in /home/pmahendro/public_html/sinarputra/protected/modules/manufacture/controllers/WorkOrderCuttingController.php (429)
in /home/pmahendro/public_html/sinarputra/protected/modules/manufacture/controllers/WorkOrderCuttingController.php (27)
2026/09/12 22:46:12 [warning] [application] Failed to set unsafe attribute "is_coating" of "WorkOrderCuttingDetail".
in /home/pmahendro/public_html/sinarputra/protected/modules/manufacture/controllers/WorkOrderCuttingController.php (57)
in /home/pmahendro/public_html/sinarputra/protected/modules/manufacture/controllers/WorkOrderCuttingController.php (429)
in /home/pmahendro/public_html/sinarputra/protected/modules/manufacture/controllers/WorkOrderCuttingController.php (27)
2026/09/12 22:46:12 [warning] [application] Failed to set unsafe attribute "is_coating" of "WorkOrderCuttingDetail".
in /home/pmahendro/public_html/sinarputra/protected/modules/manufacture/controllers/WorkOrderCuttingController.php (57)
in /home/pmahendro/public_html/sinarputra/protected/modules/manufacture/controllers/WorkOrderCuttingController.php (429)
in /home/pmahendro/public_html/sinarputra/protected/modules/manufacture/controllers/WorkOrderCuttingController.php (27)
2026/09/12 22:46:12 [warning] [application] Failed to set unsafe attribute "is_coating" of "WorkOrderCuttingDetail".
in /home/pmahendro/public_html/sinarputra/protected/modules/manufacture/controllers/WorkOrderCuttingController.php (57)
in /home/pmahendro/public_html/sinarputra/protected/modules/manufacture/controllers/WorkOrderCuttingController.php (429)
in /home/pmahendro/public_html/sinarputra/protected/modules/manufacture/controllers/WorkOrderCuttingController.php (27)
2026/09/12 22:46:12 [warning] [application] Failed to set unsafe attribute "is_coating" of "WorkOrderCuttingDetail".
in /home/pmahendro/public_html/sinarputra/protected/modules/manufacture/controllers/WorkOrderCuttingController.php (57)
in /home/pmahendro/public_html/sinarputra/protected/modules/manufacture/controllers/WorkOrderCuttingController.php (429)
in /home/pmahendro/public_html/sinarputra/protected/modules/manufacture/controllers/WorkOrderCuttingController.php (27)
2026/09/12 22:46:12 [warning] [application] Failed to set unsafe attribute "is_coating" of "WorkOrderCuttingDetail".
in /home/pmahendro/public_html/sinarputra/protected/modules/manufacture/controllers/WorkOrderCuttingController.php (57)
in /home/pmahendro/public_html/sinarputra/protected/modules/manufacture/controllers/WorkOrderCuttingController.php (429)
in /home/pmahendro/public_html/sinarputra/protected/modules/manufacture/controllers/WorkOrderCuttingController.php (27)
2026/09/12 22:46:12 [warning] [application] Failed to set unsafe attribute "is_coating" of "WorkOrderCuttingDetail".
in /home/pmahendro/public_html/sinarputra/protected/modules/manufacture/controllers/WorkOrderCuttingController.php (57)
in /home/pmahendro/public_html/sinarputra/protected/modules/manufacture/controllers/WorkOrderCuttingController.php (429)
in /home/pmahendro/public_html/sinarputra/protected/modules/manufacture/controllers/WorkOrderCuttingController.php (27)
2026/09/12 22:46:12 [warning] [application] Failed to set unsafe attribute "is_coating" of "WorkOrderCuttingDetail".
in /home/pmahendro/public_html/sinarputra/protected/modules/manufacture/controllers/WorkOrderCuttingController.php (57)
in /home/pmahendro/public_html/sinarputra/protected/modules/manufacture/controllers/WorkOrderCuttingController.php (429)
in /home/pmahendro/public_html/sinarputra/protected/modules/manufacture/controllers/WorkOrderCuttingController.php (27)
2026/09/12 22:46:12 [warning] [application] Failed to set unsafe attribute "is_coating" of "WorkOrderCuttingDetail".
in /home/pmahendro/public_html/sinarputra/protected/modules/manufacture/controllers/WorkOrderCuttingController.php (57)
in /home/pmahendro/public_html/sinarputra/protected/modules/manufacture/controllers/WorkOrderCuttingController.php (429)
in /home/pmahendro/public_html/sinarputra/protected/modules/manufacture/controllers/WorkOrderCuttingController.php (27)
2026/09/12 22:46:12 [warning] [application] Failed to set unsafe attribute "is_coating" of "WorkOrderCuttingDetail".
in /home/pmahendro/public_html/sinarputra/protected/modules/manufacture/controllers/WorkOrderCuttingController.php (57)
in /home/pmahendro/public_html/sinarputra/protected/modules/manufacture/controllers/WorkOrderCuttingController.php (429)
in /home/pmahendro/public_html/sinarputra/protected/modules/manufacture/controllers/WorkOrderCuttingController.php (27)
2026/09/12 22:46:12 [warning] [application] Failed to set unsafe attribute "is_coating" of "WorkOrderCuttingDetail".
in /home/pmahendro/public_html/sinarputra/protected/modules/manufacture/controllers/WorkOrderCuttingController.php (57)
in /home/pmahendro/public_html/sinarputra/protected/modules/manufacture/controllers/WorkOrderCuttingController.php (429)
in /home/pmahendro/public_html/sinarputra/protected/modules/manufacture/controllers/WorkOrderCuttingController.php (27)
2026/09/12 22:46:12 [warning] [application] Failed to set unsafe attribute "is_coating" of "WorkOrderCuttingDetail".
in /home/pmahendro/public_html/sinarputra/protected/modules/manufacture/controllers/WorkOrderCuttingController.php (57)
in /home/pmahendro/public_html/sinarputra/protected/modules/manufacture/controllers/WorkOrderCuttingController.php (429)
in /home/pmahendro/public_html/sinarputra/protected/modules/manufacture/controllers/WorkOrderCuttingController.php (27)
2026/09/12 22:46:12 [warning] [application] Failed to set unsafe attribute "is_coating" of "WorkOrderCuttingDetail".
in /home/pmahendro/public_html/sinarputra/protected/modules/manufacture/controllers/WorkOrderCuttingController.php (57)
in /home/pmahendro/public_html/sinarputra/protected/modules/manufacture/controllers/WorkOrderCuttingController.php (429)
in /home/pmahendro/public_html/sinarputra/protected/modules/manufacture/controllers/WorkOrderCuttingController.php (27)
2026/09/12 22:46:12 [warning] [application] Failed to set unsafe attribute "is_coating" of "WorkOrderCuttingDetail".
in /home/pmahendro/public_html/sinarputra/protected/modules/manufacture/controllers/WorkOrderCuttingController.php (57)
in /home/pmahendro/public_html/sinarputra/protected/modules/manufacture/controllers/WorkOrderCuttingController.php (429)
in /home/pmahendro/public_html/sinarputra/protected/modules/manufacture/controllers/WorkOrderCuttingController.php (27)
2026/09/12 22:46:12 [warning] [application] Failed to set unsafe attribute "is_coating" of "WorkOrderCuttingDetail".
in /home/pmahendro/public_html/sinarputra/protected/modules/manufacture/controllers/WorkOrderCuttingController.php (57)
in /home/pmahendro/public_html/sinarputra/protected/modules/manufacture/controllers/WorkOrderCuttingController.php (429)
in /home/pmahendro/public_html/sinarputra/protected/modules/manufacture/controllers/WorkOrderCuttingController.php (27)
2026/09/12 22:46:12 [warning] [application] Failed to set unsafe attribute "is_coating" of "WorkOrderCuttingDetail".
in /home/pmahendro/public_html/sinarputra/protected/modules/manufacture/controllers/WorkOrderCuttingController.php (57)
in /home/pmahendro/public_html/sinarputra/protected/modules/manufacture/controllers/WorkOrderCuttingController.php (429)
in /home/pmahendro/public_html/sinarputra/protected/modules/manufacture/controllers/WorkOrderCuttingController.php (27)
2026/09/12 22:46:12 [warning] [application] Failed to set unsafe attribute "is_coating" of "WorkOrderCuttingDetail".
in /home/pmahendro/public_html/sinarputra/protected/modules/manufacture/controllers/WorkOrderCuttingController.php (57)
in /home/pmahendro/public_html/sinarputra/protected/modules/manufacture/controllers/WorkOrderCuttingController.php (429)
in /home/pmahendro/public_html/sinarputra/protected/modules/manufacture/controllers/WorkOrderCuttingController.php (27)
2026/09/12 22:46:12 [warning] [application] Failed to set unsafe attribute "is_coating" of "WorkOrderCuttingDetail".
in /home/pmahendro/public_html/sinarputra/protected/modules/manufacture/controllers/WorkOrderCuttingController.php (57)
in /home/pmahendro/public_html/sinarputra/protected/modules/manufacture/controllers/WorkOrderCuttingController.php (429)
in /home/pmahendro/public_html/sinarputra/protected/modules/manufacture/controllers/WorkOrderCuttingController.php (27)
2026/09/12 22:46:12 [warning] [application] Failed to set unsafe attribute "is_coating" of "WorkOrderCuttingDetail".
in /home/pmahendro/public_html/sinarputra/protected/modules/manufacture/controllers/WorkOrderCuttingController.php (57)
in /home/pmahendro/public_html/sinarputra/protected/modules/manufacture/controllers/WorkOrderCuttingController.php (429)
in /home/pmahendro/public_html/sinarputra/protected/modules/manufacture/controllers/WorkOrderCuttingController.php (27)
2026/09/12 22:46:12 [warning] [application] Failed to set unsafe attribute "is_coating" of "WorkOrderCuttingDetail".
in /home/pmahendro/public_html/sinarputra/protected/modules/manufacture/controllers/WorkOrderCuttingController.php (57)
in /home/pmahendro/public_html/sinarputra/protected/modules/manufacture/controllers/WorkOrderCuttingController.php (429)
in /home/pmahendro/public_html/sinarputra/protected/modules/manufacture/controllers/WorkOrderCuttingController.php (27)
2026/09/12 22:46:12 [warning] [application] Failed to set unsafe attribute "is_coating" of "WorkOrderCuttingDetail".
in /home/pmahendro/public_html/sinarputra/protected/modules/manufacture/controllers/WorkOrderCuttingController.php (57)
in /home/pmahendro/public_html/sinarputra/protected/modules/manufacture/controllers/WorkOrderCuttingController.php (429)
in /home/pmahendro/public_html/sinarputra/protected/modules/manufacture/controllers/WorkOrderCuttingController.php (27)
2026/09/12 22:46:12 [warning] [application] Failed to set unsafe attribute "is_coating" of "WorkOrderCuttingDetail".
in /home/pmahendro/public_html/sinarputra/protected/modules/manufacture/controllers/WorkOrderCuttingController.php (57)
in /home/pmahendro/public_html/sinarputra/protected/modules/manufacture/controllers/WorkOrderCuttingController.php (429)
in /home/pmahendro/public_html/sinarputra/protected/modules/manufacture/controllers/WorkOrderCuttingController.php (27)
2026/09/12 22:46:12 [warning] [application] Failed to set unsafe attribute "is_coating" of "WorkOrderCuttingDetail".
in /home/pmahendro/public_html/sinarputra/protected/modules/manufacture/controllers/WorkOrderCuttingController.php (57)
in /home/pmahendro/public_html/sinarputra/protected/modules/manufacture/controllers/WorkOrderCuttingController.php (429)
in /home/pmahendro/public_html/sinarputra/protected/modules/manufacture/controllers/WorkOrderCuttingController.php (27)
2026/09/12 22:46:12 [warning] [application] Failed to set unsafe attribute "is_coating" of "WorkOrderCuttingDetail".
in /home/pmahendro/public_html/sinarputra/protected/modules/manufacture/controllers/WorkOrderCuttingController.php (57)
in /home/pmahendro/public_html/sinarputra/protected/modules/manufacture/controllers/WorkOrderCuttingController.php (429)
in /home/pmahendro/public_html/sinarputra/protected/modules/manufacture/controllers/WorkOrderCuttingController.php (27)
2026/09/12 22:46:12 [warning] [application] Failed to set unsafe attribute "is_coating" of "WorkOrderCuttingDetail".
in /home/pmahendro/public_html/sinarputra/protected/modules/manufacture/controllers/WorkOrderCuttingController.php (57)
in /home/pmahendro/public_html/sinarputra/protected/modules/manufacture/controllers/WorkOrderCuttingController.php (429)
in /home/pmahendro/public_html/sinarputra/protected/modules/manufacture/controllers/WorkOrderCuttingController.php (27)
2026/09/12 22:46:12 [warning] [application] Failed to set unsafe attribute "is_coating" of "WorkOrderCuttingDetail".
in /home/pmahendro/public_html/sinarputra/protected/modules/manufacture/controllers/WorkOrderCuttingController.php (57)
in /home/pmahendro/public_html/sinarputra/protected/modules/manufacture/controllers/WorkOrderCuttingController.php (429)
in /home/pmahendro/public_html/sinarputra/protected/modules/manufacture/controllers/WorkOrderCuttingController.php (27)
2026/09/12 22:46:12 [warning] [application] Failed to set unsafe attribute "is_coating" of "WorkOrderCuttingDetail".
in /home/pmahendro/public_html/sinarputra/protected/modules/manufacture/controllers/WorkOrderCuttingController.php (57)
in /home/pmahendro/public_html/sinarputra/protected/modules/manufacture/controllers/WorkOrderCuttingController.php (429)
in /home/pmahendro/public_html/sinarputra/protected/modules/manufacture/controllers/WorkOrderCuttingController.php (27)
2026/09/12 22:46:12 [warning] [application] Failed to set unsafe attribute "is_coating" of "WorkOrderCuttingDetail".
in /home/pmahendro/public_html/sinarputra/protected/modules/manufacture/controllers/WorkOrderCuttingController.php (57)
in /home/pmahendro/public_html/sinarputra/protected/modules/manufacture/controllers/WorkOrderCuttingController.php (429)
in /home/pmahendro/public_html/sinarputra/protected/modules/manufacture/controllers/WorkOrderCuttingController.php (27)
2026/09/12 22:46:13 [warning] [application] Failed to set unsafe attribute "is_coating" of "WorkOrderCuttingDetail".
in /home/pmahendro/public_html/sinarputra/protected/modules/manufacture/controllers/WorkOrderCuttingController.php (57)
in /home/pmahendro/public_html/sinarputra/protected/modules/manufacture/controllers/WorkOrderCuttingController.php (429)
in /home/pmahendro/public_html/sinarputra/protected/modules/manufacture/controllers/WorkOrderCuttingController.php (27)
2026/09/12 22:46:13 [warning] [application] Failed to set unsafe attribute "is_coating" of "WorkOrderCuttingDetail".
in /home/pmahendro/public_html/sinarputra/protected/modules/manufacture/controllers/WorkOrderCuttingController.php (57)
in /home/pmahendro/public_html/sinarputra/protected/modules/manufacture/controllers/WorkOrderCuttingController.php (429)
in /home/pmahendro/public_html/sinarputra/protected/modules/manufacture/controllers/WorkOrderCuttingController.php (27)
2026/09/12 22:46:13 [warning] [application] Failed to set unsafe attribute "is_coating" of "WorkOrderCuttingDetail".
in /home/pmahendro/public_html/sinarputra/protected/modules/manufacture/controllers/WorkOrderCuttingController.php (57)
in /home/pmahendro/public_html/sinarputra/protected/modules/manufacture/controllers/WorkOrderCuttingController.php (429)
in /home/pmahendro/public_html/sinarputra/protected/modules/manufacture/controllers/WorkOrderCuttingController.php (27)
2026/09/12 22:46:13 [warning] [application] Failed to set unsafe attribute "is_coating" of "WorkOrderCuttingDetail".
in /home/pmahendro/public_html/sinarputra/protected/modules/manufacture/controllers/WorkOrderCuttingController.php (57)
in /home/pmahendro/public_html/sinarputra/protected/modules/manufacture/controllers/WorkOrderCuttingController.php (429)
in /home/pmahendro/public_html/sinarputra/protected/modules/manufacture/controllers/WorkOrderCuttingController.php (27)
2026/09/12 22:46:13 [warning] [application] Failed to set unsafe attribute "is_coating" of "WorkOrderCuttingDetail".
in /home/pmahendro/public_html/sinarputra/protected/modules/manufacture/controllers/WorkOrderCuttingController.php (57)
in /home/pmahendro/public_html/sinarputra/protected/modules/manufacture/controllers/WorkOrderCuttingController.php (429)
in /home/pmahendro/public_html/sinarputra/protected/modules/manufacture/controllers/WorkOrderCuttingController.php (27)
2026/09/12 22:46:13 [warning] [application] Failed to set unsafe attribute "is_coating" of "WorkOrderCuttingDetail".
in /home/pmahendro/public_html/sinarputra/protected/modules/manufacture/controllers/WorkOrderCuttingController.php (57)
in /home/pmahendro/public_html/sinarputra/protected/modules/manufacture/controllers/WorkOrderCuttingController.php (429)
in /home/pmahendro/public_html/sinarputra/protected/modules/manufacture/controllers/WorkOrderCuttingController.php (27)
2026/09/12 22:46:13 [warning] [application] Failed to set unsafe attribute "is_coating" of "WorkOrderCuttingDetail".
in /home/pmahendro/public_html/sinarputra/protected/modules/manufacture/controllers/WorkOrderCuttingController.php (57)
in /home/pmahendro/public_html/sinarputra/protected/modules/manufacture/controllers/WorkOrderCuttingController.php (429)
in /home/pmahendro/public_html/sinarputra/protected/modules/manufacture/controllers/WorkOrderCuttingController.php (27)
2026/09/12 22:46:13 [warning] [application] Failed to set unsafe attribute "is_coating" of "WorkOrderCuttingDetail".
in /home/pmahendro/public_html/sinarputra/protected/modules/manufacture/controllers/WorkOrderCuttingController.php (57)
in /home/pmahendro/public_html/sinarputra/protected/modules/manufacture/controllers/WorkOrderCuttingController.php (429)
in /home/pmahendro/public_html/sinarputra/protected/modules/manufacture/controllers/WorkOrderCuttingController.php (27)
2026/09/12 22:46:13 [warning] [application] Failed to set unsafe attribute "is_coating" of "WorkOrderCuttingDetail".
in /home/pmahendro/public_html/sinarputra/protected/modules/manufacture/controllers/WorkOrderCuttingController.php (57)
in /home/pmahendro/public_html/sinarputra/protected/modules/manufacture/controllers/WorkOrderCuttingController.php (429)
in /home/pmahendro/public_html/sinarputra/protected/modules/manufacture/controllers/WorkOrderCuttingController.php (27)
2026/09/12 22:46:13 [warning] [application] Failed to set unsafe attribute "is_coating" of "WorkOrderCuttingDetail".
in /home/pmahendro/public_html/sinarputra/protected/modules/manufacture/controllers/WorkOrderCuttingController.php (57)
in /home/pmahendro/public_html/sinarputra/protected/modules/manufacture/controllers/WorkOrderCuttingController.php (429)
in /home/pmahendro/public_html/sinarputra/protected/modules/manufacture/controllers/WorkOrderCuttingController.php (27)
2026/09/12 22:46:13 [warning] [application] Failed to set unsafe attribute "is_coating" of "WorkOrderCuttingDetail".
in /home/pmahendro/public_html/sinarputra/protected/modules/manufacture/controllers/WorkOrderCuttingController.php (57)
in /home/pmahendro/public_html/sinarputra/protected/modules/manufacture/controllers/WorkOrderCuttingController.php (429)
in /home/pmahendro/public_html/sinarputra/protected/modules/manufacture/controllers/WorkOrderCuttingController.php (27)
2026/09/12 22:46:13 [warning] [application] Failed to set unsafe attribute "is_coating" of "WorkOrderCuttingDetail".
in /home/pmahendro/public_html/sinarputra/protected/modules/manufacture/controllers/WorkOrderCuttingController.php (57)
in /home/pmahendro/public_html/sinarputra/protected/modules/manufacture/controllers/WorkOrderCuttingController.php (429)
in /home/pmahendro/public_html/sinarputra/protected/modules/manufacture/controllers/WorkOrderCuttingController.php (27)
2026/09/12 22:46:13 [warning] [application] Failed to set unsafe attribute "is_coating" of "WorkOrderCuttingDetail".
in /home/pmahendro/public_html/sinarputra/protected/modules/manufacture/controllers/WorkOrderCuttingController.php (57)
in /home/pmahendro/public_html/sinarputra/protected/modules/manufacture/controllers/WorkOrderCuttingController.php (429)
in /home/pmahendro/public_html/sinarputra/protected/modules/manufacture/controllers/WorkOrderCuttingController.php (27)
2026/09/12 22:46:13 [warning] [application] Failed to set unsafe attribute "is_coating" of "WorkOrderCuttingDetail".
in /home/pmahendro/public_html/sinarputra/protected/modules/manufacture/controllers/WorkOrderCuttingController.php (57)
in /home/pmahendro/public_html/sinarputra/protected/modules/manufacture/controllers/WorkOrderCuttingController.php (429)
in /home/pmahendro/public_html/sinarputra/protected/modules/manufacture/controllers/WorkOrderCuttingController.php (27)
2026/09/12 22:46:13 [warning] [application] Failed to set unsafe attribute "is_coating" of "WorkOrderCuttingDetail".
in /home/pmahendro/public_html/sinarputra/protected/modules/manufacture/controllers/WorkOrderCuttingController.php (57)
in /home/pmahendro/public_html/sinarputra/protected/modules/manufacture/controllers/WorkOrderCuttingController.php (429)
in /home/pmahendro/public_html/sinarputra/protected/modules/manufacture/controllers/WorkOrderCuttingController.php (27)
2026/09/12 22:46:13 [warning] [application] Failed to set unsafe attribute "is_coating" of "WorkOrderCuttingDetail".
in /home/pmahendro/public_html/sinarputra/protected/modules/manufacture/controllers/WorkOrderCuttingController.php (57)
in /home/pmahendro/public_html/sinarputra/protected/modules/manufacture/controllers/WorkOrderCuttingController.php (429)
in /home/pmahendro/public_html/sinarputra/protected/modules/manufacture/controllers/WorkOrderCuttingController.php (27)
2026/09/12 22:46:13 [warning] [application] Failed to set unsafe attribute "is_coating" of "WorkOrderCuttingDetail".
in /home/pmahendro/public_html/sinarputra/protected/modules/manufacture/controllers/WorkOrderCuttingController.php (57)
in /home/pmahendro/public_html/sinarputra/protected/modules/manufacture/controllers/WorkOrderCuttingController.php (429)
in /home/pmahendro/public_html/sinarputra/protected/modules/manufacture/controllers/WorkOrderCuttingController.php (27)
2026/09/12 22:46:13 [warning] [application] Failed to set unsafe attribute "is_coating" of "WorkOrderCuttingDetail".
in /home/pmahendro/public_html/sinarputra/protected/modules/manufacture/controllers/WorkOrderCuttingController.php (57)
in /home/pmahendro/public_html/sinarputra/protected/modules/manufacture/controllers/WorkOrderCuttingController.php (429)
in /home/pmahendro/public_html/sinarputra/protected/modules/manufacture/controllers/WorkOrderCuttingController.php (27)
2026/09/12 22:46:13 [warning] [application] Failed to set unsafe attribute "is_coating" of "WorkOrderCuttingDetail".
in /home/pmahendro/public_html/sinarputra/protected/modules/manufacture/controllers/WorkOrderCuttingController.php (57)
in /home/pmahendro/public_html/sinarputra/protected/modules/manufacture/controllers/WorkOrderCuttingController.php (429)
in /home/pmahendro/public_html/sinarputra/protected/modules/manufacture/controllers/WorkOrderCuttingController.php (27)
2026/09/12 22:46:13 [warning] [application] Failed to set unsafe attribute "is_coating" of "WorkOrderCuttingDetail".
in /home/pmahendro/public_html/sinarputra/protected/modules/manufacture/controllers/WorkOrderCuttingController.php (57)
in /home/pmahendro/public_html/sinarputra/protected/modules/manufacture/controllers/WorkOrderCuttingController.php (429)
in /home/pmahendro/public_html/sinarputra/protected/modules/manufacture/controllers/WorkOrderCuttingController.php (27)
2026/09/12 22:46:13 [warning] [application] Failed to set unsafe attribute "is_coating" of "WorkOrderCuttingDetail".
in /home/pmahendro/public_html/sinarputra/protected/modules/manufacture/controllers/WorkOrderCuttingController.php (57)
in /home/pmahendro/public_html/sinarputra/protected/modules/manufacture/controllers/WorkOrderCuttingController.php (429)
in /home/pmahendro/public_html/sinarputra/protected/modules/manufacture/controllers/WorkOrderCuttingController.php (27)
2026/09/12 22:46:13 [warning] [application] Failed to set unsafe attribute "is_coating" of "WorkOrderCuttingDetail".
in /home/pmahendro/public_html/sinarputra/protected/modules/manufacture/controllers/WorkOrderCuttingController.php (57)
in /home/pmahendro/public_html/sinarputra/protected/modules/manufacture/controllers/WorkOrderCuttingController.php (429)
in /home/pmahendro/public_html/sinarputra/protected/modules/manufacture/controllers/WorkOrderCuttingController.php (27)
2026/09/12 22:46:13 [warning] [application] Failed to set unsafe attribute "is_coating" of "WorkOrderCuttingDetail".
in /home/pmahendro/public_html/sinarputra/protected/modules/manufacture/controllers/WorkOrderCuttingController.php (57)
in /home/pmahendro/public_html/sinarputra/protected/modules/manufacture/controllers/WorkOrderCuttingController.php (429)
in /home/pmahendro/public_html/sinarputra/protected/modules/manufacture/controllers/WorkOrderCuttingController.php (27)
2026/09/12 22:46:13 [warning] [application] Failed to set unsafe attribute "is_coating" of "WorkOrderCuttingDetail".
in /home/pmahendro/public_html/sinarputra/protected/modules/manufacture/controllers/WorkOrderCuttingController.php (57)
in /home/pmahendro/public_html/sinarputra/protected/modules/manufacture/controllers/WorkOrderCuttingController.php (429)
in /home/pmahendro/public_html/sinarputra/protected/modules/manufacture/controllers/WorkOrderCuttingController.php (27)
2026/09/12 22:46:13 [warning] [application] Failed to set unsafe attribute "is_coating" of "WorkOrderCuttingDetail".
in /home/pmahendro/public_html/sinarputra/protected/modules/manufacture/controllers/WorkOrderCuttingController.php (57)
in /home/pmahendro/public_html/sinarputra/protected/modules/manufacture/controllers/WorkOrderCuttingController.php (429)
in /home/pmahendro/public_html/sinarputra/protected/modules/manufacture/controllers/WorkOrderCuttingController.php (27)
2026/09/12 22:46:13 [warning] [application] Failed to set unsafe attribute "is_coating" of "WorkOrderCuttingDetail".
in /home/pmahendro/public_html/sinarputra/protected/modules/manufacture/controllers/WorkOrderCuttingController.php (57)
in /home/pmahendro/public_html/sinarputra/protected/modules/manufacture/controllers/WorkOrderCuttingController.php (429)
in /home/pmahendro/public_html/sinarputra/protected/modules/manufacture/controllers/WorkOrderCuttingController.php (27)
2026/09/12 22:46:13 [warning] [application] Failed to set unsafe attribute "is_coating" of "WorkOrderCuttingDetail".
in /home/pmahendro/public_html/sinarputra/protected/modules/manufacture/controllers/WorkOrderCuttingController.php (57)
in /home/pmahendro/public_html/sinarputra/protected/modules/manufacture/controllers/WorkOrderCuttingController.php (429)
in /home/pmahendro/public_html/sinarputra/protected/modules/manufacture/controllers/WorkOrderCuttingController.php (27)
2026/09/12 22:46:13 [warning] [application] Failed to set unsafe attribute "is_coating" of "WorkOrderCuttingDetail".
in /home/pmahendro/public_html/sinarputra/protected/modules/manufacture/controllers/WorkOrderCuttingController.php (57)
in /home/pmahendro/public_html/sinarputra/protected/modules/manufacture/controllers/WorkOrderCuttingController.php (429)
in /home/pmahendro/public_html/sinarputra/protected/modules/manufacture/controllers/WorkOrderCuttingController.php (27)
2026/09/12 22:46:13 [warning] [application] Failed to set unsafe attribute "is_coating" of "WorkOrderCuttingDetail".
in /home/pmahendro/public_html/sinarputra/protected/modules/manufacture/controllers/WorkOrderCuttingController.php (57)
in /home/pmahendro/public_html/sinarputra/protected/modules/manufacture/controllers/WorkOrderCuttingController.php (429)
in /home/pmahendro/public_html/sinarputra/protected/modules/manufacture/controllers/WorkOrderCuttingController.php (27)
2026/09/12 22:46:13 [warning] [application] Failed to set unsafe attribute "is_coating" of "WorkOrderCuttingDetail".
in /home/pmahendro/public_html/sinarputra/protected/modules/manufacture/controllers/WorkOrderCuttingController.php (57)
in /home/pmahendro/public_html/sinarputra/protected/modules/manufacture/controllers/WorkOrderCuttingController.php (429)
in /home/pmahendro/public_html/sinarputra/protected/modules/manufacture/controllers/WorkOrderCuttingController.php (27)
2026/09/12 22:46:13 [warning] [application] Failed to set unsafe attribute "is_coating" of "WorkOrderCuttingDetail".
in /home/pmahendro/public_html/sinarputra/protected/modules/manufacture/controllers/WorkOrderCuttingController.php (57)
in /home/pmahendro/public_html/sinarputra/protected/modules/manufacture/controllers/WorkOrderCuttingController.php (429)
in /home/pmahendro/public_html/sinarputra/protected/modules/manufacture/controllers/WorkOrderCuttingController.php (27)
2026/09/12 22:46:13 [warning] [application] Failed to set unsafe attribute "is_coating" of "WorkOrderCuttingDetail".
in /home/pmahendro/public_html/sinarputra/protected/modules/manufacture/controllers/WorkOrderCuttingController.php (57)
in /home/pmahendro/public_html/sinarputra/protected/modules/manufacture/controllers/WorkOrderCuttingController.php (429)
in /home/pmahendro/public_html/sinarputra/protected/modules/manufacture/controllers/WorkOrderCuttingController.php (27)
2026/09/12 22:46:13 [warning] [application] Failed to set unsafe attribute "is_coating" of "WorkOrderCuttingDetail".
in /home/pmahendro/public_html/sinarputra/protected/modules/manufacture/controllers/WorkOrderCuttingController.php (57)
in /home/pmahendro/public_html/sinarputra/protected/modules/manufacture/controllers/WorkOrderCuttingController.php (429)
in /home/pmahendro/public_html/sinarputra/protected/modules/manufacture/controllers/WorkOrderCuttingController.php (27)
2026/09/12 22:46:13 [warning] [application] Failed to set unsafe attribute "is_coating" of "WorkOrderCuttingDetail".
in /home/pmahendro/public_html/sinarputra/protected/modules/manufacture/controllers/WorkOrderCuttingController.php (57)
in /home/pmahendro/public_html/sinarputra/protected/modules/manufacture/controllers/WorkOrderCuttingController.php (429)
in /home/pmahendro/public_html/sinarputra/protected/modules/manufacture/controllers/WorkOrderCuttingController.php (27)
2026/09/12 22:46:13 [warning] [application] Failed to set unsafe attribute "is_coating" of "WorkOrderCuttingDetail".
in /home/pmahendro/public_html/sinarputra/protected/modules/manufacture/controllers/WorkOrderCuttingController.php (57)
in /home/pmahendro/public_html/sinarputra/protected/modules/manufacture/controllers/WorkOrderCuttingController.php (429)
in /home/pmahendro/public_html/sinarputra/protected/modules/manufacture/controllers/WorkOrderCuttingController.php (27)
2026/09/12 22:46:13 [warning] [application] Failed to set unsafe attribute "is_coating" of "WorkOrderCuttingDetail".
in /home/pmahendro/public_html/sinarputra/protected/modules/manufacture/controllers/WorkOrderCuttingController.php (57)
in /home/pmahendro/public_html/sinarputra/protected/modules/manufacture/controllers/WorkOrderCuttingController.php (429)
in /home/pmahendro/public_html/sinarputra/protected/modules/manufacture/controllers/WorkOrderCuttingController.php (27)
2026/09/12 22:46:13 [warning] [application] Failed to set unsafe attribute "is_coating" of "WorkOrderCuttingDetail".
in /home/pmahendro/public_html/sinarputra/protected/modules/manufacture/controllers/WorkOrderCuttingController.php (57)
in /home/pmahendro/public_html/sinarputra/protected/modules/manufacture/controllers/WorkOrderCuttingController.php (429)
in /home/pmahendro/public_html/sinarputra/protected/modules/manufacture/controllers/WorkOrderCuttingController.php (27)
2026/09/12 22:46:13 [warning] [application] Failed to set unsafe attribute "is_coating" of "WorkOrderCuttingDetail".
in /home/pmahendro/public_html/sinarputra/protected/modules/manufacture/controllers/WorkOrderCuttingController.php (57)
in /home/pmahendro/public_html/sinarputra/protected/modules/manufacture/controllers/WorkOrderCuttingController.php (429)
in /home/pmahendro/public_html/sinarputra/protected/modules/manufacture/controllers/WorkOrderCuttingController.php (27)
2026/09/12 22:46:13 [warning] [application] Failed to set unsafe attribute "is_coating" of "WorkOrderCuttingDetail".
in /home/pmahendro/public_html/sinarputra/protected/modules/manufacture/controllers/WorkOrderCuttingController.php (57)
in /home/pmahendro/public_html/sinarputra/protected/modules/manufacture/controllers/WorkOrderCuttingController.php (429)
in /home/pmahendro/public_html/sinarputra/protected/modules/manufacture/controllers/WorkOrderCuttingController.php (27)
2026/09/12 22:46:13 [warning] [application] Failed to set unsafe attribute "is_coating" of "WorkOrderCuttingDetail".
in /home/pmahendro/public_html/sinarputra/protected/modules/manufacture/controllers/WorkOrderCuttingController.php (57)
in /home/pmahendro/public_html/sinarputra/protected/modules/manufacture/controllers/WorkOrderCuttingController.php (429)
in /home/pmahendro/public_html/sinarputra/protected/modules/manufacture/controllers/WorkOrderCuttingController.php (27)
2026/09/12 22:46:13 [warning] [application] Failed to set unsafe attribute "is_coating" of "WorkOrderCuttingDetail".
in /home/pmahendro/public_html/sinarputra/protected/modules/manufacture/controllers/WorkOrderCuttingController.php (57)
in /home/pmahendro/public_html/sinarputra/protected/modules/manufacture/controllers/WorkOrderCuttingController.php (429)
in /home/pmahendro/public_html/sinarputra/protected/modules/manufacture/controllers/WorkOrderCuttingController.php (27)
2026/09/12 22:46:13 [warning] [application] Failed to set unsafe attribute "is_coating" of "WorkOrderCuttingDetail".
in /home/pmahendro/public_html/sinarputra/protected/modules/manufacture/controllers/WorkOrderCuttingController.php (57)
in /home/pmahendro/public_html/sinarputra/protected/modules/manufacture/controllers/WorkOrderCuttingController.php (429)
in /home/pmahendro/public_html/sinarputra/protected/modules/manufacture/controllers/WorkOrderCuttingController.php (27)
2026/09/12 22:46:13 [warning] [application] Failed to set unsafe attribute "is_coating" of "WorkOrderCuttingDetail".
in /home/pmahendro/public_html/sinarputra/protected/modules/manufacture/controllers/WorkOrderCuttingController.php (57)
in /home/pmahendro/public_html/sinarputra/protected/modules/manufacture/controllers/WorkOrderCuttingController.php (429)
in /home/pmahendro/public_html/sinarputra/protected/modules/manufacture/controllers/WorkOrderCuttingController.php (27)
2026/09/12 22:46:13 [warning] [application] Failed to set unsafe attribute "is_coating" of "WorkOrderCuttingDetail".
in /home/pmahendro/public_html/sinarputra/protected/modules/manufacture/controllers/WorkOrderCuttingController.php (57)
in /home/pmahendro/public_html/sinarputra/protected/modules/manufacture/controllers/WorkOrderCuttingController.php (429)
in /home/pmahendro/public_html/sinarputra/protected/modules/manufacture/controllers/WorkOrderCuttingController.php (27)
2026/09/12 22:46:13 [warning] [application] Failed to set unsafe attribute "is_coating" of "WorkOrderCuttingDetail".
in /home/pmahendro/public_html/sinarputra/protected/modules/manufacture/controllers/WorkOrderCuttingController.php (57)
in /home/pmahendro/public_html/sinarputra/protected/modules/manufacture/controllers/WorkOrderCuttingController.php (429)
in /home/pmahendro/public_html/sinarputra/protected/modules/manufacture/controllers/WorkOrderCuttingController.php (27)
2026/09/12 22:46:13 [warning] [application] Failed to set unsafe attribute "is_coating" of "WorkOrderCuttingDetail".
in /home/pmahendro/public_html/sinarputra/protected/modules/manufacture/controllers/WorkOrderCuttingController.php (57)
in /home/pmahendro/public_html/sinarputra/protected/modules/manufacture/controllers/WorkOrderCuttingController.php (429)
in /home/pmahendro/public_html/sinarputra/protected/modules/manufacture/controllers/WorkOrderCuttingController.php (27)
2026/09/12 22:46:13 [warning] [application] Failed to set unsafe attribute "is_coating" of "WorkOrderCuttingDetail".
in /home/pmahendro/public_html/sinarputra/protected/modules/manufacture/controllers/WorkOrderCuttingController.php (57)
in /home/pmahendro/public_html/sinarputra/protected/modules/manufacture/controllers/WorkOrderCuttingController.php (429)
in /home/pmahendro/public_html/sinarputra/protected/modules/manufacture/controllers/WorkOrderCuttingController.php (27)
2026/09/12 22:46:13 [warning] [application] Failed to set unsafe attribute "is_coating" of "WorkOrderCuttingDetail".
in /home/pmahendro/public_html/sinarputra/protected/modules/manufacture/controllers/WorkOrderCuttingController.php (57)
in /home/pmahendro/public_html/sinarputra/protected/modules/manufacture/controllers/WorkOrderCuttingController.php (429)
in /home/pmahendro/public_html/sinarputra/protected/modules/manufacture/controllers/WorkOrderCuttingController.php (27)
2026/09/12 22:46:13 [warning] [application] Failed to set unsafe attribute "is_coating" of "WorkOrderCuttingDetail".
in /home/pmahendro/public_html/sinarputra/protected/modules/manufacture/controllers/WorkOrderCuttingController.php (57)
in /home/pmahendro/public_html/sinarputra/protected/modules/manufacture/controllers/WorkOrderCuttingController.php (429)
in /home/pmahendro/public_html/sinarputra/protected/modules/manufacture/controllers/WorkOrderCuttingController.php (27)
2026/09/12 22:46:13 [warning] [application] Failed to set unsafe attribute "is_coating" of "WorkOrderCuttingDetail".
in /home/pmahendro/public_html/sinarputra/protected/modules/manufacture/controllers/WorkOrderCuttingController.php (57)
in /home/pmahendro/public_html/sinarputra/protected/modules/manufacture/controllers/WorkOrderCuttingController.php (429)
in /home/pmahendro/public_html/sinarputra/protected/modules/manufacture/controllers/WorkOrderCuttingController.php (27)
2026/09/12 22:46:13 [warning] [application] Failed to set unsafe attribute "is_coating" of "WorkOrderCuttingDetail".
in /home/pmahendro/public_html/sinarputra/protected/modules/manufacture/controllers/WorkOrderCuttingController.php (57)
in /home/pmahendro/public_html/sinarputra/protected/modules/manufacture/controllers/WorkOrderCuttingController.php (429)
in /home/pmahendro/public_html/sinarputra/protected/modules/manufacture/controllers/WorkOrderCuttingController.php (27)
2026/09/12 22:46:13 [warning] [application] Failed to set unsafe attribute "is_coating" of "WorkOrderCuttingDetail".
in /home/pmahendro/public_html/sinarputra/protected/modules/manufacture/controllers/WorkOrderCuttingController.php (57)
in /home/pmahendro/public_html/sinarputra/protected/modules/manufacture/controllers/WorkOrderCuttingController.php (429)
in /home/pmahendro/public_html/sinarputra/protected/modules/manufacture/controllers/WorkOrderCuttingController.php (27)
2026/09/12 22:46:13 [warning] [application] Failed to set unsafe attribute "is_coating" of "WorkOrderCuttingDetail".
in /home/pmahendro/public_html/sinarputra/protected/modules/manufacture/controllers/WorkOrderCuttingController.php (57)
in /home/pmahendro/public_html/sinarputra/protected/modules/manufacture/controllers/WorkOrderCuttingController.php (429)
in /home/pmahendro/public_html/sinarputra/protected/modules/manufacture/controllers/WorkOrderCuttingController.php (27)
2026/09/12 22:46:13 [warning] [application] Failed to set unsafe attribute "is_coating" of "WorkOrderCuttingDetail".
in /home/pmahendro/public_html/sinarputra/protected/modules/manufacture/controllers/WorkOrderCuttingController.php (57)
in /home/pmahendro/public_html/sinarputra/protected/modules/manufacture/controllers/WorkOrderCuttingController.php (429)
in /home/pmahendro/public_html/sinarputra/protected/modules/manufacture/controllers/WorkOrderCuttingController.php (27)
2026/09/12 22:46:13 [warning] [application] Failed to set unsafe attribute "is_coating" of "WorkOrderCuttingDetail".
in /home/pmahendro/public_html/sinarputra/protected/modules/manufacture/controllers/WorkOrderCuttingController.php (57)
in /home/pmahendro/public_html/sinarputra/protected/modules/manufacture/controllers/WorkOrderCuttingController.php (429)
in /home/pmahendro/public_html/sinarputra/protected/modules/manufacture/controllers/WorkOrderCuttingController.php (27)
2026/09/12 22:46:13 [warning] [application] Failed to set unsafe attribute "is_coating" of "WorkOrderCuttingDetail".
in /home/pmahendro/public_html/sinarputra/protected/modules/manufacture/controllers/WorkOrderCuttingController.php (57)
in /home/pmahendro/public_html/sinarputra/protected/modules/manufacture/controllers/WorkOrderCuttingController.php (429)
in /home/pmahendro/public_html/sinarputra/protected/modules/manufacture/controllers/WorkOrderCuttingController.php (27)
2026/09/12 22:46:13 [warning] [application] Failed to set unsafe attribute "is_coating" of "WorkOrderCuttingDetail".
in /home/pmahendro/public_html/sinarputra/protected/modules/manufacture/controllers/WorkOrderCuttingController.php (57)
in /home/pmahendro/public_html/sinarputra/protected/modules/manufacture/controllers/WorkOrderCuttingController.php (429)
in /home/pmahendro/public_html/sinarputra/protected/modules/manufacture/controllers/WorkOrderCuttingController.php (27)
2026/09/12 22:46:13 [warning] [application] Failed to set unsafe attribute "is_coating" of "WorkOrderCuttingDetail".
in /home/pmahendro/public_html/sinarputra/protected/modules/manufacture/controllers/WorkOrderCuttingController.php (57)
in /home/pmahendro/public_html/sinarputra/protected/modules/manufacture/controllers/WorkOrderCuttingController.php (429)
in /home/pmahendro/public_html/sinarputra/protected/modules/manufacture/controllers/WorkOrderCuttingController.php (27)
2026/09/12 22:46:13 [warning] [application] Failed to set unsafe attribute "is_coating" of "WorkOrderCuttingDetail".
in /home/pmahendro/public_html/sinarputra/protected/modules/manufacture/controllers/WorkOrderCuttingController.php (57)
in /home/pmahendro/public_html/sinarputra/protected/modules/manufacture/controllers/WorkOrderCuttingController.php (429)
in /home/pmahendro/public_html/sinarputra/protected/modules/manufacture/controllers/WorkOrderCuttingController.php (27)
2026/09/12 22:46:13 [warning] [application] Failed to set unsafe attribute "is_coating" of "WorkOrderCuttingDetail".
in /home/pmahendro/public_html/sinarputra/protected/modules/manufacture/controllers/WorkOrderCuttingController.php (57)
in /home/pmahendro/public_html/sinarputra/protected/modules/manufacture/controllers/WorkOrderCuttingController.php (429)
in /home/pmahendro/public_html/sinarputra/protected/modules/manufacture/controllers/WorkOrderCuttingController.php (27)
2026/09/12 22:46:13 [warning] [application] Failed to set unsafe attribute "is_coating" of "WorkOrderCuttingDetail".
in /home/pmahendro/public_html/sinarputra/protected/modules/manufacture/controllers/WorkOrderCuttingController.php (57)
in /home/pmahendro/public_html/sinarputra/protected/modules/manufacture/controllers/WorkOrderCuttingController.php (429)
in /home/pmahendro/public_html/sinarputra/protected/modules/manufacture/controllers/WorkOrderCuttingController.php (27)
2026/09/12 22:46:13 [warning] [application] Failed to set unsafe attribute "is_coating" of "WorkOrderCuttingDetail".
in /home/pmahendro/public_html/sinarputra/protected/modules/manufacture/controllers/WorkOrderCuttingController.php (57)
in /home/pmahendro/public_html/sinarputra/protected/modules/manufacture/controllers/WorkOrderCuttingController.php (429)
in /home/pmahendro/public_html/sinarputra/protected/modules/manufacture/controllers/WorkOrderCuttingController.php (27)
2026/09/12 22:46:13 [warning] [application] Failed to set unsafe attribute "is_coating" of "WorkOrderCuttingDetail".
in /home/pmahendro/public_html/sinarputra/protected/modules/manufacture/controllers/WorkOrderCuttingController.php (57)
in /home/pmahendro/public_html/sinarputra/protected/modules/manufacture/controllers/WorkOrderCuttingController.php (429)
in /home/pmahendro/public_html/sinarputra/protected/modules/manufacture/controllers/WorkOrderCuttingController.php (27)
2026/09/12 22:46:13 [warning] [application] Failed to set unsafe attribute "is_coating" of "WorkOrderCuttingDetail".
in /home/pmahendro/public_html/sinarputra/protected/modules/manufacture/controllers/WorkOrderCuttingController.php (57)
in /home/pmahendro/public_html/sinarputra/protected/modules/manufacture/controllers/WorkOrderCuttingController.php (429)
in /home/pmahendro/public_html/sinarputra/protected/modules/manufacture/controllers/WorkOrderCuttingController.php (27)
2026/09/12 22:46:13 [warning] [application] Failed to set unsafe attribute "is_coating" of "WorkOrderCuttingDetail".
in /home/pmahendro/public_html/sinarputra/protected/modules/manufacture/controllers/WorkOrderCuttingController.php (57)
in /home/pmahendro/public_html/sinarputra/protected/modules/manufacture/controllers/WorkOrderCuttingController.php (429)
in /home/pmahendro/public_html/sinarputra/protected/modules/manufacture/controllers/WorkOrderCuttingController.php (27)
2026/09/12 22:46:13 [warning] [application] Failed to set unsafe attribute "is_coating" of "WorkOrderCuttingDetail".
in /home/pmahendro/public_html/sinarputra/protected/modules/manufacture/controllers/WorkOrderCuttingController.php (57)
in /home/pmahendro/public_html/sinarputra/protected/modules/manufacture/controllers/WorkOrderCuttingController.php (429)
in /home/pmahendro/public_html/sinarputra/protected/modules/manufacture/controllers/WorkOrderCuttingController.php (27)
2026/09/12 22:46:13 [warning] [application] Failed to set unsafe attribute "is_coating" of "WorkOrderCuttingDetail".
in /home/pmahendro/public_html/sinarputra/protected/modules/manufacture/controllers/WorkOrderCuttingController.php (57)
in /home/pmahendro/public_html/sinarputra/protected/modules/manufacture/controllers/WorkOrderCuttingController.php (429)
in /home/pmahendro/public_html/sinarputra/protected/modules/manufacture/controllers/WorkOrderCuttingController.php (27)
2026/09/12 22:46:13 [warning] [application] Failed to set unsafe attribute "is_coating" of "WorkOrderCuttingDetail".
in /home/pmahendro/public_html/sinarputra/protected/modules/manufacture/controllers/WorkOrderCuttingController.php (57)
in /home/pmahendro/public_html/sinarputra/protected/modules/manufacture/controllers/WorkOrderCuttingController.php (429)
in /home/pmahendro/public_html/sinarputra/protected/modules/manufacture/controllers/WorkOrderCuttingController.php (27)
2026/09/12 22:46:13 [warning] [application] Failed to set unsafe attribute "is_coating" of "WorkOrderCuttingDetail".
in /home/pmahendro/public_html/sinarputra/protected/modules/manufacture/controllers/WorkOrderCuttingController.php (57)
in /home/pmahendro/public_html/sinarputra/protected/modules/manufacture/controllers/WorkOrderCuttingController.php (429)
in /home/pmahendro/public_html/sinarputra/protected/modules/manufacture/controllers/WorkOrderCuttingController.php (27)
2026/09/12 22:46:13 [warning] [application] Failed to set unsafe attribute "is_coating" of "WorkOrderCuttingDetail".
in /home/pmahendro/public_html/sinarputra/protected/modules/manufacture/controllers/WorkOrderCuttingController.php (57)
in /home/pmahendro/public_html/sinarputra/protected/modules/manufacture/controllers/WorkOrderCuttingController.php (429)
in /home/pmahendro/public_html/sinarputra/protected/modules/manufacture/controllers/WorkOrderCuttingController.php (27)
2026/09/12 22:46:14 [warning] [application] Failed to set unsafe attribute "is_coating" of "WorkOrderCuttingDetail".
in /home/pmahendro/public_html/sinarputra/protected/modules/manufacture/controllers/WorkOrderCuttingController.php (57)
in /home/pmahendro/public_html/sinarputra/protected/modules/manufacture/controllers/WorkOrderCuttingController.php (429)
in /home/pmahendro/public_html/sinarputra/protected/modules/manufacture/controllers/WorkOrderCuttingController.php (27)
2026/09/12 22:46:14 [warning] [application] Failed to set unsafe attribute "is_coating" of "WorkOrderCuttingDetail".
in /home/pmahendro/public_html/sinarputra/protected/modules/manufacture/controllers/WorkOrderCuttingController.php (57)
in /home/pmahendro/public_html/sinarputra/protected/modules/manufacture/controllers/WorkOrderCuttingController.php (429)
in /home/pmahendro/public_html/sinarputra/protected/modules/manufacture/controllers/WorkOrderCuttingController.php (27)
2026/09/12 22:46:14 [warning] [application] Failed to set unsafe attribute "is_coating" of "WorkOrderCuttingDetail".
in /home/pmahendro/public_html/sinarputra/protected/modules/manufacture/controllers/WorkOrderCuttingController.php (57)
in /home/pmahendro/public_html/sinarputra/protected/modules/manufacture/controllers/WorkOrderCuttingController.php (429)
in /home/pmahendro/public_html/sinarputra/protected/modules/manufacture/controllers/WorkOrderCuttingController.php (27)
2026/09/12 22:46:14 [warning] [application] Failed to set unsafe attribute "is_coating" of "WorkOrderCuttingDetail".
in /home/pmahendro/public_html/sinarputra/protected/modules/manufacture/controllers/WorkOrderCuttingController.php (57)
in /home/pmahendro/public_html/sinarputra/protected/modules/manufacture/controllers/WorkOrderCuttingController.php (429)
in /home/pmahendro/public_html/sinarputra/protected/modules/manufacture/controllers/WorkOrderCuttingController.php (27)
2026/09/12 22:46:14 [warning] [application] Failed to set unsafe attribute "is_coating" of "WorkOrderCuttingDetail".
in /home/pmahendro/public_html/sinarputra/protected/modules/manufacture/controllers/WorkOrderCuttingController.php (57)
in /home/pmahendro/public_html/sinarputra/protected/modules/manufacture/controllers/WorkOrderCuttingController.php (429)
in /home/pmahendro/public_html/sinarputra/protected/modules/manufacture/controllers/WorkOrderCuttingController.php (27)
2026/09/12 22:46:14 [warning] [application] Failed to set unsafe attribute "is_coating" of "WorkOrderCuttingDetail".
in /home/pmahendro/public_html/sinarputra/protected/modules/manufacture/controllers/WorkOrderCuttingController.php (57)
in /home/pmahendro/public_html/sinarputra/protected/modules/manufacture/controllers/WorkOrderCuttingController.php (429)
in /home/pmahendro/public_html/sinarputra/protected/modules/manufacture/controllers/WorkOrderCuttingController.php (27)
2026/09/12 22:46:14 [warning] [application] Failed to set unsafe attribute "is_coating" of "WorkOrderCuttingDetail".
in /home/pmahendro/public_html/sinarputra/protected/modules/manufacture/controllers/WorkOrderCuttingController.php (57)
in /home/pmahendro/public_html/sinarputra/protected/modules/manufacture/controllers/WorkOrderCuttingController.php (429)
in /home/pmahendro/public_html/sinarputra/protected/modules/manufacture/controllers/WorkOrderCuttingController.php (27)
2026/09/12 22:46:14 [warning] [application] Failed to set unsafe attribute "is_coating" of "WorkOrderCuttingDetail".
in /home/pmahendro/public_html/sinarputra/protected/modules/manufacture/controllers/WorkOrderCuttingController.php (57)
in /home/pmahendro/public_html/sinarputra/protected/modules/manufacture/controllers/WorkOrderCuttingController.php (429)
in /home/pmahendro/public_html/sinarputra/protected/modules/manufacture/controllers/WorkOrderCuttingController.php (27)
2026/09/12 22:46:14 [warning] [application] Failed to set unsafe attribute "is_coating" of "WorkOrderCuttingDetail".
in /home/pmahendro/public_html/sinarputra/protected/modules/manufacture/controllers/WorkOrderCuttingController.php (57)
in /home/pmahendro/public_html/sinarputra/protected/modules/manufacture/controllers/WorkOrderCuttingController.php (429)
in /home/pmahendro/public_html/sinarputra/protected/modules/manufacture/controllers/WorkOrderCuttingController.php (27)
2026/09/12 22:46:14 [warning] [application] Failed to set unsafe attribute "is_coating" of "WorkOrderCuttingDetail".
in /home/pmahendro/public_html/sinarputra/protected/modules/manufacture/controllers/WorkOrderCuttingController.php (57)
in /home/pmahendro/public_html/sinarputra/protected/modules/manufacture/controllers/WorkOrderCuttingController.php (429)
in /home/pmahendro/public_html/sinarputra/protected/modules/manufacture/controllers/WorkOrderCuttingController.php (27)
2026/09/12 22:46:14 [warning] [application] Failed to set unsafe attribute "is_coating" of "WorkOrderCuttingDetail".
in /home/pmahendro/public_html/sinarputra/protected/modules/manufacture/controllers/WorkOrderCuttingController.php (57)
in /home/pmahendro/public_html/sinarputra/protected/modules/manufacture/controllers/WorkOrderCuttingController.php (429)
in /home/pmahendro/public_html/sinarputra/protected/modules/manufacture/controllers/WorkOrderCuttingController.php (27)
2026/09/12 22:46:14 [warning] [application] Failed to set unsafe attribute "is_coating" of "WorkOrderCuttingDetail".
in /home/pmahendro/public_html/sinarputra/protected/modules/manufacture/controllers/WorkOrderCuttingController.php (57)
in /home/pmahendro/public_html/sinarputra/protected/modules/manufacture/controllers/WorkOrderCuttingController.php (429)
in /home/pmahendro/public_html/sinarputra/protected/modules/manufacture/controllers/WorkOrderCuttingController.php (27)
2026/09/12 22:46:14 [warning] [application] Failed to set unsafe attribute "is_coating" of "WorkOrderCuttingDetail".
in /home/pmahendro/public_html/sinarputra/protected/modules/manufacture/controllers/WorkOrderCuttingController.php (57)
in /home/pmahendro/public_html/sinarputra/protected/modules/manufacture/controllers/WorkOrderCuttingController.php (429)
in /home/pmahendro/public_html/sinarputra/protected/modules/manufacture/controllers/WorkOrderCuttingController.php (27)
2026/09/12 22:46:14 [warning] [application] Failed to set unsafe attribute "is_coating" of "WorkOrderCuttingDetail".
in /home/pmahendro/public_html/sinarputra/protected/modules/manufacture/controllers/WorkOrderCuttingController.php (57)
in /home/pmahendro/public_html/sinarputra/protected/modules/manufacture/controllers/WorkOrderCuttingController.php (429)
in /home/pmahendro/public_html/sinarputra/protected/modules/manufacture/controllers/WorkOrderCuttingController.php (27)
2026/09/12 22:46:14 [warning] [application] Failed to set unsafe attribute "is_coating" of "WorkOrderCuttingDetail".
in /home/pmahendro/public_html/sinarputra/protected/modules/manufacture/controllers/WorkOrderCuttingController.php (57)
in /home/pmahendro/public_html/sinarputra/protected/modules/manufacture/controllers/WorkOrderCuttingController.php (429)
in /home/pmahendro/public_html/sinarputra/protected/modules/manufacture/controllers/WorkOrderCuttingController.php (27)
2026/09/12 22:46:14 [warning] [application] Failed to set unsafe attribute "is_coating" of "WorkOrderCuttingDetail".
in /home/pmahendro/public_html/sinarputra/protected/modules/manufacture/controllers/WorkOrderCuttingController.php (57)
in /home/pmahendro/public_html/sinarputra/protected/modules/manufacture/controllers/WorkOrderCuttingController.php (429)
in /home/pmahendro/public_html/sinarputra/protected/modules/manufacture/controllers/WorkOrderCuttingController.php (27)
2026/09/12 22:46:14 [warning] [application] Failed to set unsafe attribute "is_coating" of "WorkOrderCuttingDetail".
in /home/pmahendro/public_html/sinarputra/protected/modules/manufacture/controllers/WorkOrderCuttingController.php (57)
in /home/pmahendro/public_html/sinarputra/protected/modules/manufacture/controllers/WorkOrderCuttingController.php (429)
in /home/pmahendro/public_html/sinarputra/protected/modules/manufacture/controllers/WorkOrderCuttingController.php (27)
2026/09/12 22:46:14 [warning] [application] Failed to set unsafe attribute "is_coating" of "WorkOrderCuttingDetail".
in /home/pmahendro/public_html/sinarputra/protected/modules/manufacture/controllers/WorkOrderCuttingController.php (57)
in /home/pmahendro/public_html/sinarputra/protected/modules/manufacture/controllers/WorkOrderCuttingController.php (429)
in /home/pmahendro/public_html/sinarputra/protected/modules/manufacture/controllers/WorkOrderCuttingController.php (27)
2026/09/12 22:46:14 [warning] [application] Failed to set unsafe attribute "is_coating" of "WorkOrderCuttingDetail".
in /home/pmahendro/public_html/sinarputra/protected/modules/manufacture/controllers/WorkOrderCuttingController.php (57)
in /home/pmahendro/public_html/sinarputra/protected/modules/manufacture/controllers/WorkOrderCuttingController.php (429)
in /home/pmahendro/public_html/sinarputra/protected/modules/manufacture/controllers/WorkOrderCuttingController.php (27)
2026/09/12 22:46:14 [warning] [application] Failed to set unsafe attribute "is_coating" of "WorkOrderCuttingDetail".
in /home/pmahendro/public_html/sinarputra/protected/modules/manufacture/controllers/WorkOrderCuttingController.php (57)
in /home/pmahendro/public_html/sinarputra/protected/modules/manufacture/controllers/WorkOrderCuttingController.php (429)
in /home/pmahendro/public_html/sinarputra/protected/modules/manufacture/controllers/WorkOrderCuttingController.php (27)
2026/09/12 22:46:14 [warning] [application] Failed to set unsafe attribute "is_coating" of "WorkOrderCuttingDetail".
in /home/pmahendro/public_html/sinarputra/protected/modules/manufacture/controllers/WorkOrderCuttingController.php (57)
in /home/pmahendro/public_html/sinarputra/protected/modules/manufacture/controllers/WorkOrderCuttingController.php (429)
in /home/pmahendro/public_html/sinarputra/protected/modules/manufacture/controllers/WorkOrderCuttingController.php (27)
2026/09/12 22:46:14 [warning] [application] Failed to set unsafe attribute "is_coating" of "WorkOrderCuttingDetail".
in /home/pmahendro/public_html/sinarputra/protected/modules/manufacture/controllers/WorkOrderCuttingController.php (57)
in /home/pmahendro/public_html/sinarputra/protected/modules/manufacture/controllers/WorkOrderCuttingController.php (429)
in /home/pmahendro/public_html/sinarputra/protected/modules/manufacture/controllers/WorkOrderCuttingController.php (27)
2026/09/12 22:46:14 [warning] [application] Failed to set unsafe attribute "is_coating" of "WorkOrderCuttingDetail".
in /home/pmahendro/public_html/sinarputra/protected/modules/manufacture/controllers/WorkOrderCuttingController.php (57)
in /home/pmahendro/public_html/sinarputra/protected/modules/manufacture/controllers/WorkOrderCuttingController.php (429)
in /home/pmahendro/public_html/sinarputra/protected/modules/manufacture/controllers/WorkOrderCuttingController.php (27)
2026/09/12 22:46:14 [warning] [application] Failed to set unsafe attribute "is_coating" of "WorkOrderCuttingDetail".
in /home/pmahendro/public_html/sinarputra/protected/modules/manufacture/controllers/WorkOrderCuttingController.php (57)
in /home/pmahendro/public_html/sinarputra/protected/modules/manufacture/controllers/WorkOrderCuttingController.php (429)
in /home/pmahendro/public_html/sinarputra/protected/modules/manufacture/controllers/WorkOrderCuttingController.php (27)
2026/09/12 22:46:14 [warning] [application] Failed to set unsafe attribute "is_coating" of "WorkOrderCuttingDetail".
in /home/pmahendro/public_html/sinarputra/protected/modules/manufacture/controllers/WorkOrderCuttingController.php (57)
in /home/pmahendro/public_html/sinarputra/protected/modules/manufacture/controllers/WorkOrderCuttingController.php (429)
in /home/pmahendro/public_html/sinarputra/protected/modules/manufacture/controllers/WorkOrderCuttingController.php (27)
2026/09/12 22:46:14 [warning] [application] Failed to set unsafe attribute "is_coating" of "WorkOrderCuttingDetail".
in /home/pmahendro/public_html/sinarputra/protected/modules/manufacture/controllers/WorkOrderCuttingController.php (57)
in /home/pmahendro/public_html/sinarputra/protected/modules/manufacture/controllers/WorkOrderCuttingController.php (429)
in /home/pmahendro/public_html/sinarputra/protected/modules/manufacture/controllers/WorkOrderCuttingController.php (27)
2026/09/12 22:46:14 [warning] [application] Failed to set unsafe attribute "is_coating" of "WorkOrderCuttingDetail".
in /home/pmahendro/public_html/sinarputra/protected/modules/manufacture/controllers/WorkOrderCuttingController.php (57)
in /home/pmahendro/public_html/sinarputra/protected/modules/manufacture/controllers/WorkOrderCuttingController.php (429)
in /home/pmahendro/public_html/sinarputra/protected/modules/manufacture/controllers/WorkOrderCuttingController.php (27)
2026/09/12 22:46:14 [warning] [application] Failed to set unsafe attribute "is_coating" of "WorkOrderCuttingDetail".
in /home/pmahendro/public_html/sinarputra/protected/modules/manufacture/controllers/WorkOrderCuttingController.php (57)
in /home/pmahendro/public_html/sinarputra/protected/modules/manufacture/controllers/WorkOrderCuttingController.php (429)
in /home/pmahendro/public_html/sinarputra/protected/modules/manufacture/controllers/WorkOrderCuttingController.php (27)
2026/09/12 22:46:14 [warning] [application] Failed to set unsafe attribute "is_coating" of "WorkOrderCuttingDetail".
in /home/pmahendro/public_html/sinarputra/protected/modules/manufacture/controllers/WorkOrderCuttingController.php (57)
in /home/pmahendro/public_html/sinarputra/protected/modules/manufacture/controllers/WorkOrderCuttingController.php (429)
in /home/pmahendro/public_html/sinarputra/protected/modules/manufacture/controllers/WorkOrderCuttingController.php (27)
2026/09/12 22:46:14 [warning] [application] Failed to set unsafe attribute "is_coating" of "WorkOrderCuttingDetail".
in /home/pmahendro/public_html/sinarputra/protected/modules/manufacture/controllers/WorkOrderCuttingController.php (57)
in /home/pmahendro/public_html/sinarputra/protected/modules/manufacture/controllers/WorkOrderCuttingController.php (429)
in /home/pmahendro/public_html/sinarputra/protected/modules/manufacture/controllers/WorkOrderCuttingController.php (27)
2026/09/12 22:46:15 [warning] [application] Failed to set unsafe attribute "is_coating" of "WorkOrderCuttingDetail".
in /home/pmahendro/public_html/sinarputra/protected/modules/manufacture/controllers/WorkOrderCuttingController.php (57)
in /home/pmahendro/public_html/sinarputra/protected/modules/manufacture/controllers/WorkOrderCuttingController.php (429)
in /home/pmahendro/public_html/sinarputra/protected/modules/manufacture/controllers/WorkOrderCuttingController.php (27)
2026/09/12 22:46:15 [warning] [application] Failed to set unsafe attribute "is_coating" of "WorkOrderCuttingDetail".
in /home/pmahendro/public_html/sinarputra/protected/modules/manufacture/controllers/WorkOrderCuttingController.php (57)
in /home/pmahendro/public_html/sinarputra/protected/modules/manufacture/controllers/WorkOrderCuttingController.php (429)
in /home/pmahendro/public_html/sinarputra/protected/modules/manufacture/controllers/WorkOrderCuttingController.php (27)
2026/09/12 22:46:15 [warning] [application] Failed to set unsafe attribute "is_coating" of "WorkOrderCuttingDetail".
in /home/pmahendro/public_html/sinarputra/protected/modules/manufacture/controllers/WorkOrderCuttingController.php (57)
in /home/pmahendro/public_html/sinarputra/protected/modules/manufacture/controllers/WorkOrderCuttingController.php (429)
in /home/pmahendro/public_html/sinarputra/protected/modules/manufacture/controllers/WorkOrderCuttingController.php (27)
2026/09/12 22:46:15 [warning] [application] Failed to set unsafe attribute "is_coating" of "WorkOrderCuttingDetail".
in /home/pmahendro/public_html/sinarputra/protected/modules/manufacture/controllers/WorkOrderCuttingController.php (57)
in /home/pmahendro/public_html/sinarputra/protected/modules/manufacture/controllers/WorkOrderCuttingController.php (429)
in /home/pmahendro/public_html/sinarputra/protected/modules/manufacture/controllers/WorkOrderCuttingController.php (27)
2026/09/12 22:46:15 [warning] [application] Failed to set unsafe attribute "is_coating" of "WorkOrderCuttingDetail".
in /home/pmahendro/public_html/sinarputra/protected/modules/manufacture/controllers/WorkOrderCuttingController.php (57)
in /home/pmahendro/public_html/sinarputra/protected/modules/manufacture/controllers/WorkOrderCuttingController.php (429)
in /home/pmahendro/public_html/sinarputra/protected/modules/manufacture/controllers/WorkOrderCuttingController.php (27)
2026/09/12 22:46:15 [warning] [application] Failed to set unsafe attribute "is_coating" of "WorkOrderCuttingDetail".
in /home/pmahendro/public_html/sinarputra/protected/modules/manufacture/controllers/WorkOrderCuttingController.php (57)
in /home/pmahendro/public_html/sinarputra/protected/modules/manufacture/controllers/WorkOrderCuttingController.php (429)
in /home/pmahendro/public_html/sinarputra/protected/modules/manufacture/controllers/WorkOrderCuttingController.php (27)
2026/09/12 22:46:15 [warning] [application] Failed to set unsafe attribute "is_coating" of "WorkOrderCuttingDetail".
in /home/pmahendro/public_html/sinarputra/protected/modules/manufacture/controllers/WorkOrderCuttingController.php (57)
in /home/pmahendro/public_html/sinarputra/protected/modules/manufacture/controllers/WorkOrderCuttingController.php (429)
in /home/pmahendro/public_html/sinarputra/protected/modules/manufacture/controllers/WorkOrderCuttingController.php (27)
2026/09/12 22:46:15 [warning] [application] Failed to set unsafe attribute "is_coating" of "WorkOrderCuttingDetail".
in /home/pmahendro/public_html/sinarputra/protected/modules/manufacture/controllers/WorkOrderCuttingController.php (57)
in /home/pmahendro/public_html/sinarputra/protected/modules/manufacture/controllers/WorkOrderCuttingController.php (429)
in /home/pmahendro/public_html/sinarputra/protected/modules/manufacture/controllers/WorkOrderCuttingController.php (27)
2026/09/12 22:46:15 [warning] [application] Failed to set unsafe attribute "is_coating" of "WorkOrderCuttingDetail".
in /home/pmahendro/public_html/sinarputra/protected/modules/manufacture/controllers/WorkOrderCuttingController.php (57)
in /home/pmahendro/public_html/sinarputra/protected/modules/manufacture/controllers/WorkOrderCuttingController.php (429)
in /home/pmahendro/public_html/sinarputra/protected/modules/manufacture/controllers/WorkOrderCuttingController.php (27)
2026/09/12 22:46:15 [warning] [application] Failed to set unsafe attribute "is_coating" of "WorkOrderCuttingDetail".
in /home/pmahendro/public_html/sinarputra/protected/modules/manufacture/controllers/WorkOrderCuttingController.php (57)
in /home/pmahendro/public_html/sinarputra/protected/modules/manufacture/controllers/WorkOrderCuttingController.php (429)
in /home/pmahendro/public_html/sinarputra/protected/modules/manufacture/controllers/WorkOrderCuttingController.php (27)
2026/09/12 22:46:15 [warning] [application] Failed to set unsafe attribute "is_coating" of "WorkOrderCuttingDetail".
in /home/pmahendro/public_html/sinarputra/protected/modules/manufacture/controllers/WorkOrderCuttingController.php (57)
in /home/pmahendro/public_html/sinarputra/protected/modules/manufacture/controllers/WorkOrderCuttingController.php (429)
in /home/pmahendro/public_html/sinarputra/protected/modules/manufacture/controllers/WorkOrderCuttingController.php (27)
2026/09/12 22:46:15 [warning] [application] Failed to set unsafe attribute "is_coating" of "WorkOrderCuttingDetail".
in /home/pmahendro/public_html/sinarputra/protected/modules/manufacture/controllers/WorkOrderCuttingController.php (57)
in /home/pmahendro/public_html/sinarputra/protected/modules/manufacture/controllers/WorkOrderCuttingController.php (429)
in /home/pmahendro/public_html/sinarputra/protected/modules/manufacture/controllers/WorkOrderCuttingController.php (27)
2026/09/12 22:46:15 [warning] [application] Failed to set unsafe attribute "is_coating" of "WorkOrderCuttingDetail".
in /home/pmahendro/public_html/sinarputra/protected/modules/manufacture/controllers/WorkOrderCuttingController.php (57)
in /home/pmahendro/public_html/sinarputra/protected/modules/manufacture/controllers/WorkOrderCuttingController.php (429)
in /home/pmahendro/public_html/sinarputra/protected/modules/manufacture/controllers/WorkOrderCuttingController.php (27)
2026/09/12 22:46:15 [warning] [application] Failed to set unsafe attribute "is_coating" of "WorkOrderCuttingDetail".
in /home/pmahendro/public_html/sinarputra/protected/modules/manufacture/controllers/WorkOrderCuttingController.php (57)
in /home/pmahendro/public_html/sinarputra/protected/modules/manufacture/controllers/WorkOrderCuttingController.php (429)
in /home/pmahendro/public_html/sinarputra/protected/modules/manufacture/controllers/WorkOrderCuttingController.php (27)
2026/09/12 22:46:15 [warning] [application] Failed to set unsafe attribute "is_coating" of "WorkOrderCuttingDetail".
in /home/pmahendro/public_html/sinarputra/protected/modules/manufacture/controllers/WorkOrderCuttingController.php (57)
in /home/pmahendro/public_html/sinarputra/protected/modules/manufacture/controllers/WorkOrderCuttingController.php (429)
in /home/pmahendro/public_html/sinarputra/protected/modules/manufacture/controllers/WorkOrderCuttingController.php (27)
2026/09/12 22:46:15 [warning] [application] Failed to set unsafe attribute "is_coating" of "WorkOrderCuttingDetail".
in /home/pmahendro/public_html/sinarputra/protected/modules/manufacture/controllers/WorkOrderCuttingController.php (57)
in /home/pmahendro/public_html/sinarputra/protected/modules/manufacture/controllers/WorkOrderCuttingController.php (429)
in /home/pmahendro/public_html/sinarputra/protected/modules/manufacture/controllers/WorkOrderCuttingController.php (27)
2026/09/12 22:46:15 [warning] [application] Failed to set unsafe attribute "is_coating" of "WorkOrderCuttingDetail".
in /home/pmahendro/public_html/sinarputra/protected/modules/manufacture/controllers/WorkOrderCuttingController.php (57)
in /home/pmahendro/public_html/sinarputra/protected/modules/manufacture/controllers/WorkOrderCuttingController.php (429)
in /home/pmahendro/public_html/sinarputra/protected/modules/manufacture/controllers/WorkOrderCuttingController.php (27)
2026/09/12 22:46:15 [warning] [application] Failed to set unsafe attribute "is_coating" of "WorkOrderCuttingDetail".
in /home/pmahendro/public_html/sinarputra/protected/modules/manufacture/controllers/WorkOrderCuttingController.php (57)
in /home/pmahendro/public_html/sinarputra/protected/modules/manufacture/controllers/WorkOrderCuttingController.php (429)
in /home/pmahendro/public_html/sinarputra/protected/modules/manufacture/controllers/WorkOrderCuttingController.php (27)
2026/09/12 22:46:15 [warning] [application] Failed to set unsafe attribute "is_coating" of "WorkOrderCuttingDetail".
in /home/pmahendro/public_html/sinarputra/protected/modules/manufacture/controllers/WorkOrderCuttingController.php (57)
in /home/pmahendro/public_html/sinarputra/protected/modules/manufacture/controllers/WorkOrderCuttingController.php (429)
in /home/pmahendro/public_html/sinarputra/protected/modules/manufacture/controllers/WorkOrderCuttingController.php (27)
2026/09/12 22:46:15 [warning] [application] Failed to set unsafe attribute "is_coating" of "WorkOrderCuttingDetail".
in /home/pmahendro/public_html/sinarputra/protected/modules/manufacture/controllers/WorkOrderCuttingController.php (57)
in /home/pmahendro/public_html/sinarputra/protected/modules/manufacture/controllers/WorkOrderCuttingController.php (429)
in /home/pmahendro/public_html/sinarputra/protected/modules/manufacture/controllers/WorkOrderCuttingController.php (27)
2026/09/12 22:46:15 [warning] [application] Failed to set unsafe attribute "is_coating" of "WorkOrderCuttingDetail".
in /home/pmahendro/public_html/sinarputra/protected/modules/manufacture/controllers/WorkOrderCuttingController.php (57)
in /home/pmahendro/public_html/sinarputra/protected/modules/manufacture/controllers/WorkOrderCuttingController.php (429)
in /home/pmahendro/public_html/sinarputra/protected/modules/manufacture/controllers/WorkOrderCuttingController.php (27)
2026/09/12 22:46:16 [warning] [application] Failed to set unsafe attribute "is_coating" of "WorkOrderCuttingDetail".
in /home/pmahendro/public_html/sinarputra/protected/modules/manufacture/controllers/WorkOrderCuttingController.php (57)
in /home/pmahendro/public_html/sinarputra/protected/modules/manufacture/controllers/WorkOrderCuttingController.php (429)
in /home/pmahendro/public_html/sinarputra/protected/modules/manufacture/controllers/WorkOrderCuttingController.php (27)
2026/09/12 22:46:16 [warning] [application] Failed to set unsafe attribute "is_coating" of "WorkOrderCuttingDetail".
in /home/pmahendro/public_html/sinarputra/protected/modules/manufacture/controllers/WorkOrderCuttingController.php (57)
in /home/pmahendro/public_html/sinarputra/protected/modules/manufacture/controllers/WorkOrderCuttingController.php (429)
in /home/pmahendro/public_html/sinarputra/protected/modules/manufacture/controllers/WorkOrderCuttingController.php (27)
2026/09/12 22:46:16 [warning] [application] Failed to set unsafe attribute "is_coating" of "WorkOrderCuttingDetail".
in /home/pmahendro/public_html/sinarputra/protected/modules/manufacture/controllers/WorkOrderCuttingController.php (57)
in /home/pmahendro/public_html/sinarputra/protected/modules/manufacture/controllers/WorkOrderCuttingController.php (429)
in /home/pmahendro/public_html/sinarputra/protected/modules/manufacture/controllers/WorkOrderCuttingController.php (27)
2026/09/12 22:46:16 [warning] [application] Failed to set unsafe attribute "is_coating" of "WorkOrderCuttingDetail".
in /home/pmahendro/public_html/sinarputra/protected/modules/manufacture/controllers/WorkOrderCuttingController.php (57)
in /home/pmahendro/public_html/sinarputra/protected/modules/manufacture/controllers/WorkOrderCuttingController.php (429)
in /home/pmahendro/public_html/sinarputra/protected/modules/manufacture/controllers/WorkOrderCuttingController.php (27)
2026/09/12 22:46:16 [warning] [application] Failed to set unsafe attribute "is_coating" of "WorkOrderCuttingDetail".
in /home/pmahendro/public_html/sinarputra/protected/modules/manufacture/controllers/WorkOrderCuttingController.php (57)
in /home/pmahendro/public_html/sinarputra/protected/modules/manufacture/controllers/WorkOrderCuttingController.php (429)
in /home/pmahendro/public_html/sinarputra/protected/modules/manufacture/controllers/WorkOrderCuttingController.php (27)
2026/09/12 22:46:17 [warning] [application] Failed to set unsafe attribute "is_coating" of "WorkOrderCuttingDetail".
in /home/pmahendro/public_html/sinarputra/protected/modules/manufacture/controllers/WorkOrderCuttingController.php (57)
in /home/pmahendro/public_html/sinarputra/protected/modules/manufacture/controllers/WorkOrderCuttingController.php (429)
in /home/pmahendro/public_html/sinarputra/protected/modules/manufacture/controllers/WorkOrderCuttingController.php (27)
2026/09/12 22:46:17 [warning] [application] Failed to set unsafe attribute "is_coating" of "WorkOrderCuttingDetail".
in /home/pmahendro/public_html/sinarputra/protected/modules/manufacture/controllers/WorkOrderCuttingController.php (57)
in /home/pmahendro/public_html/sinarputra/protected/modules/manufacture/controllers/WorkOrderCuttingController.php (429)
in /home/pmahendro/public_html/sinarputra/protected/modules/manufacture/controllers/WorkOrderCuttingController.php (27)
2026/09/12 22:46:17 [warning] [application] Failed to set unsafe attribute "is_coating" of "WorkOrderCuttingDetail".
in /home/pmahendro/public_html/sinarputra/protected/modules/manufacture/controllers/WorkOrderCuttingController.php (57)
in /home/pmahendro/public_html/sinarputra/protected/modules/manufacture/controllers/WorkOrderCuttingController.php (429)
in /home/pmahendro/public_html/sinarputra/protected/modules/manufacture/controllers/WorkOrderCuttingController.php (27)
2026/09/12 22:46:17 [warning] [application] Failed to set unsafe attribute "is_coating" of "WorkOrderCuttingDetail".
in /home/pmahendro/public_html/sinarputra/protected/modules/manufacture/controllers/WorkOrderCuttingController.php (57)
in /home/pmahendro/public_html/sinarputra/protected/modules/manufacture/controllers/WorkOrderCuttingController.php (429)
in /home/pmahendro/public_html/sinarputra/protected/modules/manufacture/controllers/WorkOrderCuttingController.php (27)
2026/09/12 22:46:17 [warning] [application] Failed to set unsafe attribute "is_coating" of "WorkOrderCuttingDetail".
in /home/pmahendro/public_html/sinarputra/protected/modules/manufacture/controllers/WorkOrderCuttingController.php (57)
in /home/pmahendro/public_html/sinarputra/protected/modules/manufacture/controllers/WorkOrderCuttingController.php (429)
in /home/pmahendro/public_html/sinarputra/protected/modules/manufacture/controllers/WorkOrderCuttingController.php (27)
2026/09/12 22:46:17 [warning] [application] Failed to set unsafe attribute "is_coating" of "WorkOrderCuttingDetail".
in /home/pmahendro/public_html/sinarputra/protected/modules/manufacture/controllers/WorkOrderCuttingController.php (57)
in /home/pmahendro/public_html/sinarputra/protected/modules/manufacture/controllers/WorkOrderCuttingController.php (429)
in /home/pmahendro/public_html/sinarputra/protected/modules/manufacture/controllers/WorkOrderCuttingController.php (27)
2026/09/12 22:46:17 [warning] [application] Failed to set unsafe attribute "is_coating" of "WorkOrderCuttingDetail".
in /home/pmahendro/public_html/sinarputra/protected/modules/manufacture/controllers/WorkOrderCuttingController.php (57)
in /home/pmahendro/public_html/sinarputra/protected/modules/manufacture/controllers/WorkOrderCuttingController.php (429)
in /home/pmahendro/public_html/sinarputra/protected/modules/manufacture/controllers/WorkOrderCuttingController.php (27)
2026/09/12 22:46:36 [warning] [application] Failed to set unsafe attribute "is_coating" of "WorkOrderCuttingDetail".
in /home/pmahendro/public_html/sinarputra/protected/modules/manufacture/controllers/WorkOrderCuttingController.php (54)
in /home/pmahendro/public_html/sinarputra/protected/modules/manufacture/controllers/WorkOrderCuttingController.php (152)
in /home/pmahendro/public_html/sinarputra/protected/modules/manufacture/controllers/WorkOrderCuttingController.php (27)
2026/09/12 22:46:36 [warning] [application] Failed to set unsafe attribute "is_coating" of "WorkOrderCuttingDetail".
in /home/pmahendro/public_html/sinarputra/protected/modules/manufacture/controllers/WorkOrderCuttingController.php (54)
in /home/pmahendro/public_html/sinarputra/protected/modules/manufacture/controllers/WorkOrderCuttingController.php (152)
in /home/pmahendro/public_html/sinarputra/protected/modules/manufacture/controllers/WorkOrderCuttingController.php (27)
2026/09/12 23:32:04 [warning] [application] Failed to set unsafe attribute "is_coating" of "WorkOrderCuttingDetail".
in /home/pmahendro/public_html/sinarputra/protected/modules/manufacture/controllers/WorkOrderCuttingController.php (61)
in /home/pmahendro/public_html/sinarputra/protected/modules/manufacture/controllers/WorkOrderCuttingController.php (447)
in /home/pmahendro/public_html/sinarputra/protected/modules/manufacture/controllers/WorkOrderCuttingController.php (28)
2026/09/12 23:32:04 [warning] [application] Failed to set unsafe attribute "is_coating" of "WorkOrderCuttingDetail".
in /home/pmahendro/public_html/sinarputra/protected/modules/manufacture/controllers/WorkOrderCuttingController.php (61)
in /home/pmahendro/public_html/sinarputra/protected/modules/manufacture/controllers/WorkOrderCuttingController.php (447)
in /home/pmahendro/public_html/sinarputra/protected/modules/manufacture/controllers/WorkOrderCuttingController.php (28)
2026/09/12 23:32:04 [warning] [application] Failed to set unsafe attribute "is_coating" of "WorkOrderCuttingDetail".
in /home/pmahendro/public_html/sinarputra/protected/modules/manufacture/controllers/WorkOrderCuttingController.php (61)
in /home/pmahendro/public_html/sinarputra/protected/modules/manufacture/controllers/WorkOrderCuttingController.php (447)
in /home/pmahendro/public_html/sinarputra/protected/modules/manufacture/controllers/WorkOrderCuttingController.php (28)
2026/09/12 23:32:04 [warning] [application] Failed to set unsafe attribute "is_coating" of "WorkOrderCuttingDetail".
in /home/pmahendro/public_html/sinarputra/protected/modules/manufacture/controllers/WorkOrderCuttingController.php (61)
in /home/pmahendro/public_html/sinarputra/protected/modules/manufacture/controllers/WorkOrderCuttingController.php (447)
in /home/pmahendro/public_html/sinarputra/protected/modules/manufacture/controllers/WorkOrderCuttingController.php (28)
2026/09/12 23:32:04 [warning] [application] Failed to set unsafe attribute "is_coating" of "WorkOrderCuttingDetail".
in /home/pmahendro/public_html/sinarputra/protected/modules/manufacture/controllers/WorkOrderCuttingController.php (61)
in /home/pmahendro/public_html/sinarputra/protected/modules/manufacture/controllers/WorkOrderCuttingController.php (447)
in /home/pmahendro/public_html/sinarputra/protected/modules/manufacture/controllers/WorkOrderCuttingController.php (28)
2026/09/12 23:32:04 [warning] [application] Failed to set unsafe attribute "is_coating" of "WorkOrderCuttingDetail".
in /home/pmahendro/public_html/sinarputra/protected/modules/manufacture/controllers/WorkOrderCuttingController.php (61)
in /home/pmahendro/public_html/sinarputra/protected/modules/manufacture/controllers/WorkOrderCuttingController.php (447)
in /home/pmahendro/public_html/sinarputra/protected/modules/manufacture/controllers/WorkOrderCuttingController.php (28)
2026/09/12 23:32:04 [warning] [application] Failed to set unsafe attribute "is_coating" of "WorkOrderCuttingDetail".
in /home/pmahendro/public_html/sinarputra/protected/modules/manufacture/controllers/WorkOrderCuttingController.php (61)
in /home/pmahendro/public_html/sinarputra/protected/modules/manufacture/controllers/WorkOrderCuttingController.php (447)
in /home/pmahendro/public_html/sinarputra/protected/modules/manufacture/controllers/WorkOrderCuttingController.php (28)
2026/09/12 23:32:04 [warning] [application] Failed to set unsafe attribute "is_coating" of "WorkOrderCuttingDetail".
in /home/pmahendro/public_html/sinarputra/protected/modules/manufacture/controllers/WorkOrderCuttingController.php (61)
in /home/pmahendro/public_html/sinarputra/protected/modules/manufacture/controllers/WorkOrderCuttingController.php (447)
in /home/pmahendro/public_html/sinarputra/protected/modules/manufacture/controllers/WorkOrderCuttingController.php (28)
2026/09/12 23:32:04 [warning] [application] Failed to set unsafe attribute "is_coating" of "WorkOrderCuttingDetail".
in /home/pmahendro/public_html/sinarputra/protected/modules/manufacture/controllers/WorkOrderCuttingController.php (61)
in /home/pmahendro/public_html/sinarputra/protected/modules/manufacture/controllers/WorkOrderCuttingController.php (447)
in /home/pmahendro/public_html/sinarputra/protected/modules/manufacture/controllers/WorkOrderCuttingController.php (28)
2026/09/12 23:32:04 [warning] [application] Failed to set unsafe attribute "is_coating" of "WorkOrderCuttingDetail".
in /home/pmahendro/public_html/sinarputra/protected/modules/manufacture/controllers/WorkOrderCuttingController.php (61)
in /home/pmahendro/public_html/sinarputra/protected/modules/manufacture/controllers/WorkOrderCuttingController.php (447)
in /home/pmahendro/public_html/sinarputra/protected/modules/manufacture/controllers/WorkOrderCuttingController.php (28)
2026/09/12 23:32:04 [warning] [application] Failed to set unsafe attribute "is_coating" of "WorkOrderCuttingDetail".
in /home/pmahendro/public_html/sinarputra/protected/modules/manufacture/controllers/WorkOrderCuttingController.php (61)
in /home/pmahendro/public_html/sinarputra/protected/modules/manufacture/controllers/WorkOrderCuttingController.php (447)
in /home/pmahendro/public_html/sinarputra/protected/modules/manufacture/controllers/WorkOrderCuttingController.php (28)
2026/09/12 23:32:04 [warning] [application] Failed to set unsafe attribute "is_coating" of "WorkOrderCuttingDetail".
in /home/pmahendro/public_html/sinarputra/protected/modules/manufacture/controllers/WorkOrderCuttingController.php (61)
in /home/pmahendro/public_html/sinarputra/protected/modules/manufacture/controllers/WorkOrderCuttingController.php (447)
in /home/pmahendro/public_html/sinarputra/protected/modules/manufacture/controllers/WorkOrderCuttingController.php (28)
2026/09/12 23:32:04 [warning] [application] Failed to set unsafe attribute "is_coating" of "WorkOrderCuttingDetail".
in /home/pmahendro/public_html/sinarputra/protected/modules/manufacture/controllers/WorkOrderCuttingController.php (61)
in /home/pmahendro/public_html/sinarputra/protected/modules/manufacture/controllers/WorkOrderCuttingController.php (447)
in /home/pmahendro/public_html/sinarputra/protected/modules/manufacture/controllers/WorkOrderCuttingController.php (28)
2026/09/12 23:32:04 [warning] [application] Failed to set unsafe attribute "is_coating" of "WorkOrderCuttingDetail".
in /home/pmahendro/public_html/sinarputra/protected/modules/manufacture/controllers/WorkOrderCuttingController.php (61)
in /home/pmahendro/public_html/sinarputra/protected/modules/manufacture/controllers/WorkOrderCuttingController.php (447)
in /home/pmahendro/public_html/sinarputra/protected/modules/manufacture/controllers/WorkOrderCuttingController.php (28)
2026/09/12 23:32:04 [warning] [application] Failed to set unsafe attribute "is_coating" of "WorkOrderCuttingDetail".
in /home/pmahendro/public_html/sinarputra/protected/modules/manufacture/controllers/WorkOrderCuttingController.php (61)
in /home/pmahendro/public_html/sinarputra/protected/modules/manufacture/controllers/WorkOrderCuttingController.php (447)
in /home/pmahendro/public_html/sinarputra/protected/modules/manufacture/controllers/WorkOrderCuttingController.php (28)
2026/09/12 23:32:06 [warning] [application] Failed to set unsafe attribute "is_coating" of "WorkOrderCuttingDetail".
in /home/pmahendro/public_html/sinarputra/protected/modules/manufacture/controllers/WorkOrderCuttingController.php (61)
in /home/pmahendro/public_html/sinarputra/protected/modules/manufacture/controllers/WorkOrderCuttingController.php (447)
in /home/pmahendro/public_html/sinarputra/protected/modules/manufacture/controllers/WorkOrderCuttingController.php (28)
2026/09/12 23:32:06 [warning] [application] Failed to set unsafe attribute "is_coating" of "WorkOrderCuttingDetail".
in /home/pmahendro/public_html/sinarputra/protected/modules/manufacture/controllers/WorkOrderCuttingController.php (61)
in /home/pmahendro/public_html/sinarputra/protected/modules/manufacture/controllers/WorkOrderCuttingController.php (447)
in /home/pmahendro/public_html/sinarputra/protected/modules/manufacture/controllers/WorkOrderCuttingController.php (28)
2026/09/12 23:32:06 [warning] [application] Failed to set unsafe attribute "is_coating" of "WorkOrderCuttingDetail".
in /home/pmahendro/public_html/sinarputra/protected/modules/manufacture/controllers/WorkOrderCuttingController.php (61)
in /home/pmahendro/public_html/sinarputra/protected/modules/manufacture/controllers/WorkOrderCuttingController.php (447)
in /home/pmahendro/public_html/sinarputra/protected/modules/manufacture/controllers/WorkOrderCuttingController.php (28)
2026/09/12 23:32:06 [warning] [application] Failed to set unsafe attribute "is_coating" of "WorkOrderCuttingDetail".
in /home/pmahendro/public_html/sinarputra/protected/modules/manufacture/controllers/WorkOrderCuttingController.php (61)
in /home/pmahendro/public_html/sinarputra/protected/modules/manufacture/controllers/WorkOrderCuttingController.php (447)
in /home/pmahendro/public_html/sinarputra/protected/modules/manufacture/controllers/WorkOrderCuttingController.php (28)
2026/09/12 23:32:06 [warning] [application] Failed to set unsafe attribute "is_coating" of "WorkOrderCuttingDetail".
in /home/pmahendro/public_html/sinarputra/protected/modules/manufacture/controllers/WorkOrderCuttingController.php (61)
in /home/pmahendro/public_html/sinarputra/protected/modules/manufacture/controllers/WorkOrderCuttingController.php (447)
in /home/pmahendro/public_html/sinarputra/protected/modules/manufacture/controllers/WorkOrderCuttingController.php (28)
2026/09/12 23:32:06 [warning] [application] Failed to set unsafe attribute "is_coating" of "WorkOrderCuttingDetail".
in /home/pmahendro/public_html/sinarputra/protected/modules/manufacture/controllers/WorkOrderCuttingController.php (61)
in /home/pmahendro/public_html/sinarputra/protected/modules/manufacture/controllers/WorkOrderCuttingController.php (447)
in /home/pmahendro/public_html/sinarputra/protected/modules/manufacture/controllers/WorkOrderCuttingController.php (28)
2026/09/12 23:32:06 [warning] [application] Failed to set unsafe attribute "is_coating" of "WorkOrderCuttingDetail".
in /home/pmahendro/public_html/sinarputra/protected/modules/manufacture/controllers/WorkOrderCuttingController.php (61)
in /home/pmahendro/public_html/sinarputra/protected/modules/manufacture/controllers/WorkOrderCuttingController.php (447)
in /home/pmahendro/public_html/sinarputra/protected/modules/manufacture/controllers/WorkOrderCuttingController.php (28)
2026/09/12 23:32:06 [warning] [application] Failed to set unsafe attribute "is_coating" of "WorkOrderCuttingDetail".
in /home/pmahendro/public_html/sinarputra/protected/modules/manufacture/controllers/WorkOrderCuttingController.php (61)
in /home/pmahendro/public_html/sinarputra/protected/modules/manufacture/controllers/WorkOrderCuttingController.php (447)
in /home/pmahendro/public_html/sinarputra/protected/modules/manufacture/controllers/WorkOrderCuttingController.php (28)
2026/09/12 23:32:06 [warning] [application] Failed to set unsafe attribute "is_coating" of "WorkOrderCuttingDetail".
in /home/pmahendro/public_html/sinarputra/protected/modules/manufacture/controllers/WorkOrderCuttingController.php (61)
in /home/pmahendro/public_html/sinarputra/protected/modules/manufacture/controllers/WorkOrderCuttingController.php (447)
in /home/pmahendro/public_html/sinarputra/protected/modules/manufacture/controllers/WorkOrderCuttingController.php (28)
2026/09/12 23:32:06 [warning] [application] Failed to set unsafe attribute "is_coating" of "WorkOrderCuttingDetail".
in /home/pmahendro/public_html/sinarputra/protected/modules/manufacture/controllers/WorkOrderCuttingController.php (61)
in /home/pmahendro/public_html/sinarputra/protected/modules/manufacture/controllers/WorkOrderCuttingController.php (447)
in /home/pmahendro/public_html/sinarputra/protected/modules/manufacture/controllers/WorkOrderCuttingController.php (28)
2026/09/12 23:32:06 [warning] [application] Failed to set unsafe attribute "is_coating" of "WorkOrderCuttingDetail".
in /home/pmahendro/public_html/sinarputra/protected/modules/manufacture/controllers/WorkOrderCuttingController.php (61)
in /home/pmahendro/public_html/sinarputra/protected/modules/manufacture/controllers/WorkOrderCuttingController.php (447)
in /home/pmahendro/public_html/sinarputra/protected/modules/manufacture/controllers/WorkOrderCuttingController.php (28)
2026/09/12 23:32:06 [warning] [application] Failed to set unsafe attribute "is_coating" of "WorkOrderCuttingDetail".
in /home/pmahendro/public_html/sinarputra/protected/modules/manufacture/controllers/WorkOrderCuttingController.php (61)
in /home/pmahendro/public_html/sinarputra/protected/modules/manufacture/controllers/WorkOrderCuttingController.php (447)
in /home/pmahendro/public_html/sinarputra/protected/modules/manufacture/controllers/WorkOrderCuttingController.php (28)
2026/09/12 23:32:06 [warning] [application] Failed to set unsafe attribute "is_coating" of "WorkOrderCuttingDetail".
in /home/pmahendro/public_html/sinarputra/protected/modules/manufacture/controllers/WorkOrderCuttingController.php (61)
in /home/pmahendro/public_html/sinarputra/protected/modules/manufacture/controllers/WorkOrderCuttingController.php (447)
in /home/pmahendro/public_html/sinarputra/protected/modules/manufacture/controllers/WorkOrderCuttingController.php (28)
2026/09/12 23:32:06 [warning] [application] Failed to set unsafe attribute "is_coating" of "WorkOrderCuttingDetail".
in /home/pmahendro/public_html/sinarputra/protected/modules/manufacture/controllers/WorkOrderCuttingController.php (61)
in /home/pmahendro/public_html/sinarputra/protected/modules/manufacture/controllers/WorkOrderCuttingController.php (447)
in /home/pmahendro/public_html/sinarputra/protected/modules/manufacture/controllers/WorkOrderCuttingController.php (28)
2026/09/12 23:32:06 [warning] [application] Failed to set unsafe attribute "is_coating" of "WorkOrderCuttingDetail".
in /home/pmahendro/public_html/sinarputra/protected/modules/manufacture/controllers/WorkOrderCuttingController.php (61)
in /home/pmahendro/public_html/sinarputra/protected/modules/manufacture/controllers/WorkOrderCuttingController.php (447)
in /home/pmahendro/public_html/sinarputra/protected/modules/manufacture/controllers/WorkOrderCuttingController.php (28)
2026/09/12 23:32:06 [warning] [application] Failed to set unsafe attribute "is_coating" of "WorkOrderCuttingDetail".
in /home/pmahendro/public_html/sinarputra/protected/modules/manufacture/controllers/WorkOrderCuttingController.php (61)
in /home/pmahendro/public_html/sinarputra/protected/modules/manufacture/controllers/WorkOrderCuttingController.php (447)
in /home/pmahendro/public_html/sinarputra/protected/modules/manufacture/controllers/WorkOrderCuttingController.php (28)
2026/09/12 23:32:06 [warning] [application] Failed to set unsafe attribute "is_coating" of "WorkOrderCuttingDetail".
in /home/pmahendro/public_html/sinarputra/protected/modules/manufacture/controllers/WorkOrderCuttingController.php (61)
in /home/pmahendro/public_html/sinarputra/protected/modules/manufacture/controllers/WorkOrderCuttingController.php (447)
in /home/pmahendro/public_html/sinarputra/protected/modules/manufacture/controllers/WorkOrderCuttingController.php (28)
2026/09/12 23:32:06 [warning] [application] Failed to set unsafe attribute "is_coating" of "WorkOrderCuttingDetail".
in /home/pmahendro/public_html/sinarputra/protected/modules/manufacture/controllers/WorkOrderCuttingController.php (61)
in /home/pmahendro/public_html/sinarputra/protected/modules/manufacture/controllers/WorkOrderCuttingController.php (447)
in /home/pmahendro/public_html/sinarputra/protected/modules/manufacture/controllers/WorkOrderCuttingController.php (28)
2026/09/12 23:32:06 [warning] [application] Failed to set unsafe attribute "is_coating" of "WorkOrderCuttingDetail".
in /home/pmahendro/public_html/sinarputra/protected/modules/manufacture/controllers/WorkOrderCuttingController.php (61)
in /home/pmahendro/public_html/sinarputra/protected/modules/manufacture/controllers/WorkOrderCuttingController.php (447)
in /home/pmahendro/public_html/sinarputra/protected/modules/manufacture/controllers/WorkOrderCuttingController.php (28)
2026/09/12 23:32:06 [warning] [application] Failed to set unsafe attribute "is_coating" of "WorkOrderCuttingDetail".
in /home/pmahendro/public_html/sinarputra/protected/modules/manufacture/controllers/WorkOrderCuttingController.php (61)
in /home/pmahendro/public_html/sinarputra/protected/modules/manufacture/controllers/WorkOrderCuttingController.php (447)
in /home/pmahendro/public_html/sinarputra/protected/modules/manufacture/controllers/WorkOrderCuttingController.php (28)
2026/09/12 23:32:06 [warning] [application] Failed to set unsafe attribute "is_coating" of "WorkOrderCuttingDetail".
in /home/pmahendro/public_html/sinarputra/protected/modules/manufacture/controllers/WorkOrderCuttingController.php (61)
in /home/pmahendro/public_html/sinarputra/protected/modules/manufacture/controllers/WorkOrderCuttingController.php (447)
in /home/pmahendro/public_html/sinarputra/protected/modules/manufacture/controllers/WorkOrderCuttingController.php (28)
2026/09/12 23:32:06 [warning] [application] Failed to set unsafe attribute "is_coating" of "WorkOrderCuttingDetail".
in /home/pmahendro/public_html/sinarputra/protected/modules/manufacture/controllers/WorkOrderCuttingController.php (61)
in /home/pmahendro/public_html/sinarputra/protected/modules/manufacture/controllers/WorkOrderCuttingController.php (447)
in /home/pmahendro/public_html/sinarputra/protected/modules/manufacture/controllers/WorkOrderCuttingController.php (28)
2026/09/12 23:32:06 [warning] [application] Failed to set unsafe attribute "is_coating" of "WorkOrderCuttingDetail".
in /home/pmahendro/public_html/sinarputra/protected/modules/manufacture/controllers/WorkOrderCuttingController.php (61)
in /home/pmahendro/public_html/sinarputra/protected/modules/manufacture/controllers/WorkOrderCuttingController.php (447)
in /home/pmahendro/public_html/sinarputra/protected/modules/manufacture/controllers/WorkOrderCuttingController.php (28)
2026/09/12 23:32:06 [warning] [application] Failed to set unsafe attribute "is_coating" of "WorkOrderCuttingDetail".
in /home/pmahendro/public_html/sinarputra/protected/modules/manufacture/controllers/WorkOrderCuttingController.php (61)
in /home/pmahendro/public_html/sinarputra/protected/modules/manufacture/controllers/WorkOrderCuttingController.php (447)
in /home/pmahendro/public_html/sinarputra/protected/modules/manufacture/controllers/WorkOrderCuttingController.php (28)
2026/09/12 23:32:06 [warning] [application] Failed to set unsafe attribute "is_coating" of "WorkOrderCuttingDetail".
in /home/pmahendro/public_html/sinarputra/protected/modules/manufacture/controllers/WorkOrderCuttingController.php (61)
in /home/pmahendro/public_html/sinarputra/protected/modules/manufacture/controllers/WorkOrderCuttingController.php (447)
in /home/pmahendro/public_html/sinarputra/protected/modules/manufacture/controllers/WorkOrderCuttingController.php (28)
2026/09/12 23:32:06 [warning] [application] Failed to set unsafe attribute "is_coating" of "WorkOrderCuttingDetail".
in /home/pmahendro/public_html/sinarputra/protected/modules/manufacture/controllers/WorkOrderCuttingController.php (61)
in /home/pmahendro/public_html/sinarputra/protected/modules/manufacture/controllers/WorkOrderCuttingController.php (447)
in /home/pmahendro/public_html/sinarputra/protected/modules/manufacture/controllers/WorkOrderCuttingController.php (28)
2026/09/12 23:32:06 [warning] [application] Failed to set unsafe attribute "is_coating" of "WorkOrderCuttingDetail".
in /home/pmahendro/public_html/sinarputra/protected/modules/manufacture/controllers/WorkOrderCuttingController.php (61)
in /home/pmahendro/public_html/sinarputra/protected/modules/manufacture/controllers/WorkOrderCuttingController.php (447)
in /home/pmahendro/public_html/sinarputra/protected/modules/manufacture/controllers/WorkOrderCuttingController.php (28)
2026/09/12 23:32:07 [warning] [application] Failed to set unsafe attribute "is_coating" of "WorkOrderCuttingDetail".
in /home/pmahendro/public_html/sinarputra/protected/modules/manufacture/controllers/WorkOrderCuttingController.php (61)
in /home/pmahendro/public_html/sinarputra/protected/modules/manufacture/controllers/WorkOrderCuttingController.php (447)
in /home/pmahendro/public_html/sinarputra/protected/modules/manufacture/controllers/WorkOrderCuttingController.php (28)
2026/09/12 23:32:07 [warning] [application] Failed to set unsafe attribute "is_coating" of "WorkOrderCuttingDetail".
in /home/pmahendro/public_html/sinarputra/protected/modules/manufacture/controllers/WorkOrderCuttingController.php (61)
in /home/pmahendro/public_html/sinarputra/protected/modules/manufacture/controllers/WorkOrderCuttingController.php (447)
in /home/pmahendro/public_html/sinarputra/protected/modules/manufacture/controllers/WorkOrderCuttingController.php (28)
2026/09/12 23:32:07 [warning] [application] Failed to set unsafe attribute "is_coating" of "WorkOrderCuttingDetail".
in /home/pmahendro/public_html/sinarputra/protected/modules/manufacture/controllers/WorkOrderCuttingController.php (61)
in /home/pmahendro/public_html/sinarputra/protected/modules/manufacture/controllers/WorkOrderCuttingController.php (447)
in /home/pmahendro/public_html/sinarputra/protected/modules/manufacture/controllers/WorkOrderCuttingController.php (28)
2026/09/12 23:32:07 [warning] [application] Failed to set unsafe attribute "is_coating" of "WorkOrderCuttingDetail".
in /home/pmahendro/public_html/sinarputra/protected/modules/manufacture/controllers/WorkOrderCuttingController.php (61)
in /home/pmahendro/public_html/sinarputra/protected/modules/manufacture/controllers/WorkOrderCuttingController.php (447)
in /home/pmahendro/public_html/sinarputra/protected/modules/manufacture/controllers/WorkOrderCuttingController.php (28)
2026/09/12 23:32:07 [warning] [application] Failed to set unsafe attribute "is_coating" of "WorkOrderCuttingDetail".
in /home/pmahendro/public_html/sinarputra/protected/modules/manufacture/controllers/WorkOrderCuttingController.php (61)
in /home/pmahendro/public_html/sinarputra/protected/modules/manufacture/controllers/WorkOrderCuttingController.php (447)
in /home/pmahendro/public_html/sinarputra/protected/modules/manufacture/controllers/WorkOrderCuttingController.php (28)
2026/09/12 23:32:07 [warning] [application] Failed to set unsafe attribute "is_coating" of "WorkOrderCuttingDetail".
in /home/pmahendro/public_html/sinarputra/protected/modules/manufacture/controllers/WorkOrderCuttingController.php (61)
in /home/pmahendro/public_html/sinarputra/protected/modules/manufacture/controllers/WorkOrderCuttingController.php (447)
in /home/pmahendro/public_html/sinarputra/protected/modules/manufacture/controllers/WorkOrderCuttingController.php (28)
2026/09/12 23:32:07 [warning] [application] Failed to set unsafe attribute "is_coating" of "WorkOrderCuttingDetail".
in /home/pmahendro/public_html/sinarputra/protected/modules/manufacture/controllers/WorkOrderCuttingController.php (61)
in /home/pmahendro/public_html/sinarputra/protected/modules/manufacture/controllers/WorkOrderCuttingController.php (447)
in /home/pmahendro/public_html/sinarputra/protected/modules/manufacture/controllers/WorkOrderCuttingController.php (28)
2026/09/12 23:32:07 [warning] [application] Failed to set unsafe attribute "is_coating" of "WorkOrderCuttingDetail".
in /home/pmahendro/public_html/sinarputra/protected/modules/manufacture/controllers/WorkOrderCuttingController.php (61)
in /home/pmahendro/public_html/sinarputra/protected/modules/manufacture/controllers/WorkOrderCuttingController.php (447)
in /home/pmahendro/public_html/sinarputra/protected/modules/manufacture/controllers/WorkOrderCuttingController.php (28)
2026/09/12 23:32:07 [warning] [application] Failed to set unsafe attribute "is_coating" of "WorkOrderCuttingDetail".
in /home/pmahendro/public_html/sinarputra/protected/modules/manufacture/controllers/WorkOrderCuttingController.php (61)
in /home/pmahendro/public_html/sinarputra/protected/modules/manufacture/controllers/WorkOrderCuttingController.php (447)
in /home/pmahendro/public_html/sinarputra/protected/modules/manufacture/controllers/WorkOrderCuttingController.php (28)
2026/09/12 23:32:07 [warning] [application] Failed to set unsafe attribute "is_coating" of "WorkOrderCuttingDetail".
in /home/pmahendro/public_html/sinarputra/protected/modules/manufacture/controllers/WorkOrderCuttingController.php (61)
in /home/pmahendro/public_html/sinarputra/protected/modules/manufacture/controllers/WorkOrderCuttingController.php (447)
in /home/pmahendro/public_html/sinarputra/protected/modules/manufacture/controllers/WorkOrderCuttingController.php (28)
2026/09/12 23:32:07 [warning] [application] Failed to set unsafe attribute "is_coating" of "WorkOrderCuttingDetail".
in /home/pmahendro/public_html/sinarputra/protected/modules/manufacture/controllers/WorkOrderCuttingController.php (61)
in /home/pmahendro/public_html/sinarputra/protected/modules/manufacture/controllers/WorkOrderCuttingController.php (447)
in /home/pmahendro/public_html/sinarputra/protected/modules/manufacture/controllers/WorkOrderCuttingController.php (28)
2026/09/12 23:32:07 [warning] [application] Failed to set unsafe attribute "is_coating" of "WorkOrderCuttingDetail".
in /home/pmahendro/public_html/sinarputra/protected/modules/manufacture/controllers/WorkOrderCuttingController.php (61)
in /home/pmahendro/public_html/sinarputra/protected/modules/manufacture/controllers/WorkOrderCuttingController.php (447)
in /home/pmahendro/public_html/sinarputra/protected/modules/manufacture/controllers/WorkOrderCuttingController.php (28)
2026/09/12 23:32:07 [warning] [application] Failed to set unsafe attribute "is_coating" of "WorkOrderCuttingDetail".
in /home/pmahendro/public_html/sinarputra/protected/modules/manufacture/controllers/WorkOrderCuttingController.php (61)
in /home/pmahendro/public_html/sinarputra/protected/modules/manufacture/controllers/WorkOrderCuttingController.php (447)
in /home/pmahendro/public_html/sinarputra/protected/modules/manufacture/controllers/WorkOrderCuttingController.php (28)
2026/09/12 23:32:07 [warning] [application] Failed to set unsafe attribute "is_coating" of "WorkOrderCuttingDetail".
in /home/pmahendro/public_html/sinarputra/protected/modules/manufacture/controllers/WorkOrderCuttingController.php (61)
in /home/pmahendro/public_html/sinarputra/protected/modules/manufacture/controllers/WorkOrderCuttingController.php (447)
in /home/pmahendro/public_html/sinarputra/protected/modules/manufacture/controllers/WorkOrderCuttingController.php (28)
2026/09/12 23:32:07 [warning] [application] Failed to set unsafe attribute "is_coating" of "WorkOrderCuttingDetail".
in /home/pmahendro/public_html/sinarputra/protected/modules/manufacture/controllers/WorkOrderCuttingController.php (61)
in /home/pmahendro/public_html/sinarputra/protected/modules/manufacture/controllers/WorkOrderCuttingController.php (447)
in /home/pmahendro/public_html/sinarputra/protected/modules/manufacture/controllers/WorkOrderCuttingController.php (28)
2026/09/12 23:32:07 [warning] [application] Failed to set unsafe attribute "is_coating" of "WorkOrderCuttingDetail".
in /home/pmahendro/public_html/sinarputra/protected/modules/manufacture/controllers/WorkOrderCuttingController.php (61)
in /home/pmahendro/public_html/sinarputra/protected/modules/manufacture/controllers/WorkOrderCuttingController.php (447)
in /home/pmahendro/public_html/sinarputra/protected/modules/manufacture/controllers/WorkOrderCuttingController.php (28)
2026/09/12 23:32:07 [warning] [application] Failed to set unsafe attribute "is_coating" of "WorkOrderCuttingDetail".
in /home/pmahendro/public_html/sinarputra/protected/modules/manufacture/controllers/WorkOrderCuttingController.php (61)
in /home/pmahendro/public_html/sinarputra/protected/modules/manufacture/controllers/WorkOrderCuttingController.php (447)
in /home/pmahendro/public_html/sinarputra/protected/modules/manufacture/controllers/WorkOrderCuttingController.php (28)
2026/09/12 23:32:07 [warning] [application] Failed to set unsafe attribute "is_coating" of "WorkOrderCuttingDetail".
in /home/pmahendro/public_html/sinarputra/protected/modules/manufacture/controllers/WorkOrderCuttingController.php (61)
in /home/pmahendro/public_html/sinarputra/protected/modules/manufacture/controllers/WorkOrderCuttingController.php (447)
in /home/pmahendro/public_html/sinarputra/protected/modules/manufacture/controllers/WorkOrderCuttingController.php (28)
2026/09/12 23:32:07 [warning] [application] Failed to set unsafe attribute "is_coating" of "WorkOrderCuttingDetail".
in /home/pmahendro/public_html/sinarputra/protected/modules/manufacture/controllers/WorkOrderCuttingController.php (61)
in /home/pmahendro/public_html/sinarputra/protected/modules/manufacture/controllers/WorkOrderCuttingController.php (447)
in /home/pmahendro/public_html/sinarputra/protected/modules/manufacture/controllers/WorkOrderCuttingController.php (28)
2026/09/12 23:32:07 [warning] [application] Failed to set unsafe attribute "is_coating" of "WorkOrderCuttingDetail".
in /home/pmahendro/public_html/sinarputra/protected/modules/manufacture/controllers/WorkOrderCuttingController.php (61)
in /home/pmahendro/public_html/sinarputra/protected/modules/manufacture/controllers/WorkOrderCuttingController.php (447)
in /home/pmahendro/public_html/sinarputra/protected/modules/manufacture/controllers/WorkOrderCuttingController.php (28)
2026/09/12 23:32:07 [warning] [application] Failed to set unsafe attribute "is_coating" of "WorkOrderCuttingDetail".
in /home/pmahendro/public_html/sinarputra/protected/modules/manufacture/controllers/WorkOrderCuttingController.php (61)
in /home/pmahendro/public_html/sinarputra/protected/modules/manufacture/controllers/WorkOrderCuttingController.php (447)
in /home/pmahendro/public_html/sinarputra/protected/modules/manufacture/controllers/WorkOrderCuttingController.php (28)
2026/09/12 23:32:07 [warning] [application] Failed to set unsafe attribute "is_coating" of "WorkOrderCuttingDetail".
in /home/pmahendro/public_html/sinarputra/protected/modules/manufacture/controllers/WorkOrderCuttingController.php (61)
in /home/pmahendro/public_html/sinarputra/protected/modules/manufacture/controllers/WorkOrderCuttingController.php (447)
in /home/pmahendro/public_html/sinarputra/protected/modules/manufacture/controllers/WorkOrderCuttingController.php (28)
2026/09/12 23:32:07 [warning] [application] Failed to set unsafe attribute "is_coating" of "WorkOrderCuttingDetail".
in /home/pmahendro/public_html/sinarputra/protected/modules/manufacture/controllers/WorkOrderCuttingController.php (61)
in /home/pmahendro/public_html/sinarputra/protected/modules/manufacture/controllers/WorkOrderCuttingController.php (447)
in /home/pmahendro/public_html/sinarputra/protected/modules/manufacture/controllers/WorkOrderCuttingController.php (28)
2026/09/12 23:32:07 [warning] [application] Failed to set unsafe attribute "is_coating" of "WorkOrderCuttingDetail".
in /home/pmahendro/public_html/sinarputra/protected/modules/manufacture/controllers/WorkOrderCuttingController.php (61)
in /home/pmahendro/public_html/sinarputra/protected/modules/manufacture/controllers/WorkOrderCuttingController.php (447)
in /home/pmahendro/public_html/sinarputra/protected/modules/manufacture/controllers/WorkOrderCuttingController.php (28)
2026/09/12 23:32:07 [warning] [application] Failed to set unsafe attribute "is_coating" of "WorkOrderCuttingDetail".
in /home/pmahendro/public_html/sinarputra/protected/modules/manufacture/controllers/WorkOrderCuttingController.php (61)
in /home/pmahendro/public_html/sinarputra/protected/modules/manufacture/controllers/WorkOrderCuttingController.php (447)
in /home/pmahendro/public_html/sinarputra/protected/modules/manufacture/controllers/WorkOrderCuttingController.php (28)
2026/09/12 23:32:07 [warning] [application] Failed to set unsafe attribute "is_coating" of "WorkOrderCuttingDetail".
in /home/pmahendro/public_html/sinarputra/protected/modules/manufacture/controllers/WorkOrderCuttingController.php (61)
in /home/pmahendro/public_html/sinarputra/protected/modules/manufacture/controllers/WorkOrderCuttingController.php (447)
in /home/pmahendro/public_html/sinarputra/protected/modules/manufacture/controllers/WorkOrderCuttingController.php (28)
2026/09/12 23:32:07 [warning] [application] Failed to set unsafe attribute "is_coating" of "WorkOrderCuttingDetail".
in /home/pmahendro/public_html/sinarputra/protected/modules/manufacture/controllers/WorkOrderCuttingController.php (61)
in /home/pmahendro/public_html/sinarputra/protected/modules/manufacture/controllers/WorkOrderCuttingController.php (447)
in /home/pmahendro/public_html/sinarputra/protected/modules/manufacture/controllers/WorkOrderCuttingController.php (28)
2026/09/12 23:32:07 [warning] [application] Failed to set unsafe attribute "is_coating" of "WorkOrderCuttingDetail".
in /home/pmahendro/public_html/sinarputra/protected/modules/manufacture/controllers/WorkOrderCuttingController.php (61)
in /home/pmahendro/public_html/sinarputra/protected/modules/manufacture/controllers/WorkOrderCuttingController.php (447)
in /home/pmahendro/public_html/sinarputra/protected/modules/manufacture/controllers/WorkOrderCuttingController.php (28)
2026/09/12 23:32:07 [warning] [application] Failed to set unsafe attribute "is_coating" of "WorkOrderCuttingDetail".
in /home/pmahendro/public_html/sinarputra/protected/modules/manufacture/controllers/WorkOrderCuttingController.php (61)
in /home/pmahendro/public_html/sinarputra/protected/modules/manufacture/controllers/WorkOrderCuttingController.php (447)
in /home/pmahendro/public_html/sinarputra/protected/modules/manufacture/controllers/WorkOrderCuttingController.php (28)
2026/09/12 23:32:07 [warning] [application] Failed to set unsafe attribute "is_coating" of "WorkOrderCuttingDetail".
in /home/pmahendro/public_html/sinarputra/protected/modules/manufacture/controllers/WorkOrderCuttingController.php (61)
in /home/pmahendro/public_html/sinarputra/protected/modules/manufacture/controllers/WorkOrderCuttingController.php (447)
in /home/pmahendro/public_html/sinarputra/protected/modules/manufacture/controllers/WorkOrderCuttingController.php (28)
2026/09/12 23:32:07 [warning] [application] Failed to set unsafe attribute "is_coating" of "WorkOrderCuttingDetail".
in /home/pmahendro/public_html/sinarputra/protected/modules/manufacture/controllers/WorkOrderCuttingController.php (61)
in /home/pmahendro/public_html/sinarputra/protected/modules/manufacture/controllers/WorkOrderCuttingController.php (447)
in /home/pmahendro/public_html/sinarputra/protected/modules/manufacture/controllers/WorkOrderCuttingController.php (28)
2026/09/12 23:32:07 [warning] [application] Failed to set unsafe attribute "is_coating" of "WorkOrderCuttingDetail".
in /home/pmahendro/public_html/sinarputra/protected/modules/manufacture/controllers/WorkOrderCuttingController.php (61)
in /home/pmahendro/public_html/sinarputra/protected/modules/manufacture/controllers/WorkOrderCuttingController.php (447)
in /home/pmahendro/public_html/sinarputra/protected/modules/manufacture/controllers/WorkOrderCuttingController.php (28)
2026/09/12 23:32:07 [warning] [application] Failed to set unsafe attribute "is_coating" of "WorkOrderCuttingDetail".
in /home/pmahendro/public_html/sinarputra/protected/modules/manufacture/controllers/WorkOrderCuttingController.php (61)
in /home/pmahendro/public_html/sinarputra/protected/modules/manufacture/controllers/WorkOrderCuttingController.php (447)
in /home/pmahendro/public_html/sinarputra/protected/modules/manufacture/controllers/WorkOrderCuttingController.php (28)
2026/09/12 23:32:07 [warning] [application] Failed to set unsafe attribute "is_coating" of "WorkOrderCuttingDetail".
in /home/pmahendro/public_html/sinarputra/protected/modules/manufacture/controllers/WorkOrderCuttingController.php (61)
in /home/pmahendro/public_html/sinarputra/protected/modules/manufacture/controllers/WorkOrderCuttingController.php (447)
in /home/pmahendro/public_html/sinarputra/protected/modules/manufacture/controllers/WorkOrderCuttingController.php (28)
2026/09/12 23:32:07 [warning] [application] Failed to set unsafe attribute "is_coating" of "WorkOrderCuttingDetail".
in /home/pmahendro/public_html/sinarputra/protected/modules/manufacture/controllers/WorkOrderCuttingController.php (61)
in /home/pmahendro/public_html/sinarputra/protected/modules/manufacture/controllers/WorkOrderCuttingController.php (447)
in /home/pmahendro/public_html/sinarputra/protected/modules/manufacture/controllers/WorkOrderCuttingController.php (28)
2026/09/12 23:32:07 [warning] [application] Failed to set unsafe attribute "is_coating" of "WorkOrderCuttingDetail".
in /home/pmahendro/public_html/sinarputra/protected/modules/manufacture/controllers/WorkOrderCuttingController.php (61)
in /home/pmahendro/public_html/sinarputra/protected/modules/manufacture/controllers/WorkOrderCuttingController.php (447)
in /home/pmahendro/public_html/sinarputra/protected/modules/manufacture/controllers/WorkOrderCuttingController.php (28)
2026/09/12 23:32:07 [warning] [application] Failed to set unsafe attribute "is_coating" of "WorkOrderCuttingDetail".
in /home/pmahendro/public_html/sinarputra/protected/modules/manufacture/controllers/WorkOrderCuttingController.php (61)
in /home/pmahendro/public_html/sinarputra/protected/modules/manufacture/controllers/WorkOrderCuttingController.php (447)
in /home/pmahendro/public_html/sinarputra/protected/modules/manufacture/controllers/WorkOrderCuttingController.php (28)
2026/09/12 23:32:07 [warning] [application] Failed to set unsafe attribute "is_coating" of "WorkOrderCuttingDetail".
in /home/pmahendro/public_html/sinarputra/protected/modules/manufacture/controllers/WorkOrderCuttingController.php (61)
in /home/pmahendro/public_html/sinarputra/protected/modules/manufacture/controllers/WorkOrderCuttingController.php (447)
in /home/pmahendro/public_html/sinarputra/protected/modules/manufacture/controllers/WorkOrderCuttingController.php (28)
2026/09/12 23:32:07 [warning] [application] Failed to set unsafe attribute "is_coating" of "WorkOrderCuttingDetail".
in /home/pmahendro/public_html/sinarputra/protected/modules/manufacture/controllers/WorkOrderCuttingController.php (61)
in /home/pmahendro/public_html/sinarputra/protected/modules/manufacture/controllers/WorkOrderCuttingController.php (447)
in /home/pmahendro/public_html/sinarputra/protected/modules/manufacture/controllers/WorkOrderCuttingController.php (28)
2026/09/12 23:32:07 [warning] [application] Failed to set unsafe attribute "is_coating" of "WorkOrderCuttingDetail".
in /home/pmahendro/public_html/sinarputra/protected/modules/manufacture/controllers/WorkOrderCuttingController.php (61)
in /home/pmahendro/public_html/sinarputra/protected/modules/manufacture/controllers/WorkOrderCuttingController.php (447)
in /home/pmahendro/public_html/sinarputra/protected/modules/manufacture/controllers/WorkOrderCuttingController.php (28)
2026/09/12 23:32:07 [warning] [application] Failed to set unsafe attribute "is_coating" of "WorkOrderCuttingDetail".
in /home/pmahendro/public_html/sinarputra/protected/modules/manufacture/controllers/WorkOrderCuttingController.php (61)
in /home/pmahendro/public_html/sinarputra/protected/modules/manufacture/controllers/WorkOrderCuttingController.php (447)
in /home/pmahendro/public_html/sinarputra/protected/modules/manufacture/controllers/WorkOrderCuttingController.php (28)
2026/09/12 23:32:07 [warning] [application] Failed to set unsafe attribute "is_coating" of "WorkOrderCuttingDetail".
in /home/pmahendro/public_html/sinarputra/protected/modules/manufacture/controllers/WorkOrderCuttingController.php (61)
in /home/pmahendro/public_html/sinarputra/protected/modules/manufacture/controllers/WorkOrderCuttingController.php (447)
in /home/pmahendro/public_html/sinarputra/protected/modules/manufacture/controllers/WorkOrderCuttingController.php (28)
2026/09/12 23:32:08 [warning] [application] Failed to set unsafe attribute "is_coating" of "WorkOrderCuttingDetail".
in /home/pmahendro/public_html/sinarputra/protected/modules/manufacture/controllers/WorkOrderCuttingController.php (61)
in /home/pmahendro/public_html/sinarputra/protected/modules/manufacture/controllers/WorkOrderCuttingController.php (447)
in /home/pmahendro/public_html/sinarputra/protected/modules/manufacture/controllers/WorkOrderCuttingController.php (28)
2026/09/12 23:32:08 [warning] [application] Failed to set unsafe attribute "is_coating" of "WorkOrderCuttingDetail".
in /home/pmahendro/public_html/sinarputra/protected/modules/manufacture/controllers/WorkOrderCuttingController.php (61)
in /home/pmahendro/public_html/sinarputra/protected/modules/manufacture/controllers/WorkOrderCuttingController.php (447)
in /home/pmahendro/public_html/sinarputra/protected/modules/manufacture/controllers/WorkOrderCuttingController.php (28)
2026/09/12 23:32:08 [warning] [application] Failed to set unsafe attribute "is_coating" of "WorkOrderCuttingDetail".
in /home/pmahendro/public_html/sinarputra/protected/modules/manufacture/controllers/WorkOrderCuttingController.php (61)
in /home/pmahendro/public_html/sinarputra/protected/modules/manufacture/controllers/WorkOrderCuttingController.php (447)
in /home/pmahendro/public_html/sinarputra/protected/modules/manufacture/controllers/WorkOrderCuttingController.php (28)
2026/09/12 23:32:08 [warning] [application] Failed to set unsafe attribute "is_coating" of "WorkOrderCuttingDetail".
in /home/pmahendro/public_html/sinarputra/protected/modules/manufacture/controllers/WorkOrderCuttingController.php (61)
in /home/pmahendro/public_html/sinarputra/protected/modules/manufacture/controllers/WorkOrderCuttingController.php (447)
in /home/pmahendro/public_html/sinarputra/protected/modules/manufacture/controllers/WorkOrderCuttingController.php (28)
2026/09/12 23:32:08 [warning] [application] Failed to set unsafe attribute "is_coating" of "WorkOrderCuttingDetail".
in /home/pmahendro/public_html/sinarputra/protected/modules/manufacture/controllers/WorkOrderCuttingController.php (61)
in /home/pmahendro/public_html/sinarputra/protected/modules/manufacture/controllers/WorkOrderCuttingController.php (447)
in /home/pmahendro/public_html/sinarputra/protected/modules/manufacture/controllers/WorkOrderCuttingController.php (28)
2026/09/12 23:32:08 [warning] [application] Failed to set unsafe attribute "is_coating" of "WorkOrderCuttingDetail".
in /home/pmahendro/public_html/sinarputra/protected/modules/manufacture/controllers/WorkOrderCuttingController.php (61)
in /home/pmahendro/public_html/sinarputra/protected/modules/manufacture/controllers/WorkOrderCuttingController.php (447)
in /home/pmahendro/public_html/sinarputra/protected/modules/manufacture/controllers/WorkOrderCuttingController.php (28)
2026/09/12 23:32:08 [warning] [application] Failed to set unsafe attribute "is_coating" of "WorkOrderCuttingDetail".
in /home/pmahendro/public_html/sinarputra/protected/modules/manufacture/controllers/WorkOrderCuttingController.php (61)
in /home/pmahendro/public_html/sinarputra/protected/modules/manufacture/controllers/WorkOrderCuttingController.php (447)
in /home/pmahendro/public_html/sinarputra/protected/modules/manufacture/controllers/WorkOrderCuttingController.php (28)
2026/09/12 23:32:08 [warning] [application] Failed to set unsafe attribute "is_coating" of "WorkOrderCuttingDetail".
in /home/pmahendro/public_html/sinarputra/protected/modules/manufacture/controllers/WorkOrderCuttingController.php (61)
in /home/pmahendro/public_html/sinarputra/protected/modules/manufacture/controllers/WorkOrderCuttingController.php (447)
in /home/pmahendro/public_html/sinarputra/protected/modules/manufacture/controllers/WorkOrderCuttingController.php (28)
2026/09/12 23:32:09 [warning] [application] Failed to set unsafe attribute "is_coating" of "WorkOrderCuttingDetail".
in /home/pmahendro/public_html/sinarputra/protected/modules/manufacture/controllers/WorkOrderCuttingController.php (61)
in /home/pmahendro/public_html/sinarputra/protected/modules/manufacture/controllers/WorkOrderCuttingController.php (447)
in /home/pmahendro/public_html/sinarputra/protected/modules/manufacture/controllers/WorkOrderCuttingController.php (28)
2026/09/12 23:32:09 [warning] [application] Failed to set unsafe attribute "is_coating" of "WorkOrderCuttingDetail".
in /home/pmahendro/public_html/sinarputra/protected/modules/manufacture/controllers/WorkOrderCuttingController.php (61)
in /home/pmahendro/public_html/sinarputra/protected/modules/manufacture/controllers/WorkOrderCuttingController.php (447)
in /home/pmahendro/public_html/sinarputra/protected/modules/manufacture/controllers/WorkOrderCuttingController.php (28)
2026/09/12 23:32:09 [warning] [application] Failed to set unsafe attribute "is_coating" of "WorkOrderCuttingDetail".
in /home/pmahendro/public_html/sinarputra/protected/modules/manufacture/controllers/WorkOrderCuttingController.php (61)
in /home/pmahendro/public_html/sinarputra/protected/modules/manufacture/controllers/WorkOrderCuttingController.php (447)
in /home/pmahendro/public_html/sinarputra/protected/modules/manufacture/controllers/WorkOrderCuttingController.php (28)
2026/09/12 23:32:09 [warning] [application] Failed to set unsafe attribute "is_coating" of "WorkOrderCuttingDetail".
in /home/pmahendro/public_html/sinarputra/protected/modules/manufacture/controllers/WorkOrderCuttingController.php (61)
in /home/pmahendro/public_html/sinarputra/protected/modules/manufacture/controllers/WorkOrderCuttingController.php (447)
in /home/pmahendro/public_html/sinarputra/protected/modules/manufacture/controllers/WorkOrderCuttingController.php (28)
2026/09/12 23:32:09 [warning] [application] Failed to set unsafe attribute "is_coating" of "WorkOrderCuttingDetail".
in /home/pmahendro/public_html/sinarputra/protected/modules/manufacture/controllers/WorkOrderCuttingController.php (61)
in /home/pmahendro/public_html/sinarputra/protected/modules/manufacture/controllers/WorkOrderCuttingController.php (447)
in /home/pmahendro/public_html/sinarputra/protected/modules/manufacture/controllers/WorkOrderCuttingController.php (28)
2026/09/12 23:32:09 [warning] [application] Failed to set unsafe attribute "is_coating" of "WorkOrderCuttingDetail".
in /home/pmahendro/public_html/sinarputra/protected/modules/manufacture/controllers/WorkOrderCuttingController.php (61)
in /home/pmahendro/public_html/sinarputra/protected/modules/manufacture/controllers/WorkOrderCuttingController.php (447)
in /home/pmahendro/public_html/sinarputra/protected/modules/manufacture/controllers/WorkOrderCuttingController.php (28)
2026/09/12 23:32:09 [warning] [application] Failed to set unsafe attribute "is_coating" of "WorkOrderCuttingDetail".
in /home/pmahendro/public_html/sinarputra/protected/modules/manufacture/controllers/WorkOrderCuttingController.php (61)
in /home/pmahendro/public_html/sinarputra/protected/modules/manufacture/controllers/WorkOrderCuttingController.php (447)
in /home/pmahendro/public_html/sinarputra/protected/modules/manufacture/controllers/WorkOrderCuttingController.php (28)
2026/09/12 23:32:10 [warning] [application] Failed to set unsafe attribute "is_coating" of "WorkOrderCuttingDetail".
in /home/pmahendro/public_html/sinarputra/protected/modules/manufacture/controllers/WorkOrderCuttingController.php (61)
in /home/pmahendro/public_html/sinarputra/protected/modules/manufacture/controllers/WorkOrderCuttingController.php (447)
in /home/pmahendro/public_html/sinarputra/protected/modules/manufacture/controllers/WorkOrderCuttingController.php (28)
2026/09/12 23:32:10 [warning] [application] Failed to set unsafe attribute "is_coating" of "WorkOrderCuttingDetail".
in /home/pmahendro/public_html/sinarputra/protected/modules/manufacture/controllers/WorkOrderCuttingController.php (61)
in /home/pmahendro/public_html/sinarputra/protected/modules/manufacture/controllers/WorkOrderCuttingController.php (447)
in /home/pmahendro/public_html/sinarputra/protected/modules/manufacture/controllers/WorkOrderCuttingController.php (28)
2026/09/12 23:32:10 [warning] [application] Failed to set unsafe attribute "is_coating" of "WorkOrderCuttingDetail".
in /home/pmahendro/public_html/sinarputra/protected/modules/manufacture/controllers/WorkOrderCuttingController.php (61)
in /home/pmahendro/public_html/sinarputra/protected/modules/manufacture/controllers/WorkOrderCuttingController.php (447)
in /home/pmahendro/public_html/sinarputra/protected/modules/manufacture/controllers/WorkOrderCuttingController.php (28)
2026/09/12 23:32:10 [warning] [application] Failed to set unsafe attribute "is_coating" of "WorkOrderCuttingDetail".
in /home/pmahendro/public_html/sinarputra/protected/modules/manufacture/controllers/WorkOrderCuttingController.php (61)
in /home/pmahendro/public_html/sinarputra/protected/modules/manufacture/controllers/WorkOrderCuttingController.php (447)
in /home/pmahendro/public_html/sinarputra/protected/modules/manufacture/controllers/WorkOrderCuttingController.php (28)
2026/09/12 23:32:10 [warning] [application] Failed to set unsafe attribute "is_coating" of "WorkOrderCuttingDetail".
in /home/pmahendro/public_html/sinarputra/protected/modules/manufacture/controllers/WorkOrderCuttingController.php (61)
in /home/pmahendro/public_html/sinarputra/protected/modules/manufacture/controllers/WorkOrderCuttingController.php (447)
in /home/pmahendro/public_html/sinarputra/protected/modules/manufacture/controllers/WorkOrderCuttingController.php (28)
2026/09/12 23:32:10 [warning] [application] Failed to set unsafe attribute "is_coating" of "WorkOrderCuttingDetail".
in /home/pmahendro/public_html/sinarputra/protected/modules/manufacture/controllers/WorkOrderCuttingController.php (61)
in /home/pmahendro/public_html/sinarputra/protected/modules/manufacture/controllers/WorkOrderCuttingController.php (447)
in /home/pmahendro/public_html/sinarputra/protected/modules/manufacture/controllers/WorkOrderCuttingController.php (28)
2026/09/12 23:32:11 [warning] [application] Failed to set unsafe attribute "is_coating" of "WorkOrderCuttingDetail".
in /home/pmahendro/public_html/sinarputra/protected/modules/manufacture/controllers/WorkOrderCuttingController.php (61)
in /home/pmahendro/public_html/sinarputra/protected/modules/manufacture/controllers/WorkOrderCuttingController.php (447)
in /home/pmahendro/public_html/sinarputra/protected/modules/manufacture/controllers/WorkOrderCuttingController.php (28)
2026/09/12 23:32:11 [warning] [application] Failed to set unsafe attribute "is_coating" of "WorkOrderCuttingDetail".
in /home/pmahendro/public_html/sinarputra/protected/modules/manufacture/controllers/WorkOrderCuttingController.php (61)
in /home/pmahendro/public_html/sinarputra/protected/modules/manufacture/controllers/WorkOrderCuttingController.php (447)
in /home/pmahendro/public_html/sinarputra/protected/modules/manufacture/controllers/WorkOrderCuttingController.php (28)
2026/09/12 23:32:11 [warning] [application] Failed to set unsafe attribute "is_coating" of "WorkOrderCuttingDetail".
in /home/pmahendro/public_html/sinarputra/protected/modules/manufacture/controllers/WorkOrderCuttingController.php (61)
in /home/pmahendro/public_html/sinarputra/protected/modules/manufacture/controllers/WorkOrderCuttingController.php (447)
in /home/pmahendro/public_html/sinarputra/protected/modules/manufacture/controllers/WorkOrderCuttingController.php (28)
2026/09/12 23:32:11 [warning] [application] Failed to set unsafe attribute "is_coating" of "WorkOrderCuttingDetail".
in /home/pmahendro/public_html/sinarputra/protected/modules/manufacture/controllers/WorkOrderCuttingController.php (61)
in /home/pmahendro/public_html/sinarputra/protected/modules/manufacture/controllers/WorkOrderCuttingController.php (447)
in /home/pmahendro/public_html/sinarputra/protected/modules/manufacture/controllers/WorkOrderCuttingController.php (28)
2026/09/12 23:32:11 [warning] [application] Failed to set unsafe attribute "is_coating" of "WorkOrderCuttingDetail".
in /home/pmahendro/public_html/sinarputra/protected/modules/manufacture/controllers/WorkOrderCuttingController.php (61)
in /home/pmahendro/public_html/sinarputra/protected/modules/manufacture/controllers/WorkOrderCuttingController.php (447)
in /home/pmahendro/public_html/sinarputra/protected/modules/manufacture/controllers/WorkOrderCuttingController.php (28)
2026/09/12 23:32:11 [warning] [application] Failed to set unsafe attribute "is_coating" of "WorkOrderCuttingDetail".
in /home/pmahendro/public_html/sinarputra/protected/modules/manufacture/controllers/WorkOrderCuttingController.php (61)
in /home/pmahendro/public_html/sinarputra/protected/modules/manufacture/controllers/WorkOrderCuttingController.php (447)
in /home/pmahendro/public_html/sinarputra/protected/modules/manufacture/controllers/WorkOrderCuttingController.php (28)
2026/09/12 23:32:11 [warning] [application] Failed to set unsafe attribute "is_coating" of "WorkOrderCuttingDetail".
in /home/pmahendro/public_html/sinarputra/protected/modules/manufacture/controllers/WorkOrderCuttingController.php (61)
in /home/pmahendro/public_html/sinarputra/protected/modules/manufacture/controllers/WorkOrderCuttingController.php (447)
in /home/pmahendro/public_html/sinarputra/protected/modules/manufacture/controllers/WorkOrderCuttingController.php (28)
2026/09/12 23:32:11 [warning] [application] Failed to set unsafe attribute "is_coating" of "WorkOrderCuttingDetail".
in /home/pmahendro/public_html/sinarputra/protected/modules/manufacture/controllers/WorkOrderCuttingController.php (61)
in /home/pmahendro/public_html/sinarputra/protected/modules/manufacture/controllers/WorkOrderCuttingController.php (447)
in /home/pmahendro/public_html/sinarputra/protected/modules/manufacture/controllers/WorkOrderCuttingController.php (28)
2026/09/12 23:32:11 [warning] [application] Failed to set unsafe attribute "is_coating" of "WorkOrderCuttingDetail".
in /home/pmahendro/public_html/sinarputra/protected/modules/manufacture/controllers/WorkOrderCuttingController.php (61)
in /home/pmahendro/public_html/sinarputra/protected/modules/manufacture/controllers/WorkOrderCuttingController.php (447)
in /home/pmahendro/public_html/sinarputra/protected/modules/manufacture/controllers/WorkOrderCuttingController.php (28)
2026/09/12 23:32:11 [warning] [application] Failed to set unsafe attribute "is_coating" of "WorkOrderCuttingDetail".
in /home/pmahendro/public_html/sinarputra/protected/modules/manufacture/controllers/WorkOrderCuttingController.php (61)
in /home/pmahendro/public_html/sinarputra/protected/modules/manufacture/controllers/WorkOrderCuttingController.php (447)
in /home/pmahendro/public_html/sinarputra/protected/modules/manufacture/controllers/WorkOrderCuttingController.php (28)
2026/09/12 23:32:11 [warning] [application] Failed to set unsafe attribute "is_coating" of "WorkOrderCuttingDetail".
in /home/pmahendro/public_html/sinarputra/protected/modules/manufacture/controllers/WorkOrderCuttingController.php (61)
in /home/pmahendro/public_html/sinarputra/protected/modules/manufacture/controllers/WorkOrderCuttingController.php (447)
in /home/pmahendro/public_html/sinarputra/protected/modules/manufacture/controllers/WorkOrderCuttingController.php (28)
2026/09/12 23:32:11 [warning] [application] Failed to set unsafe attribute "is_coating" of "WorkOrderCuttingDetail".
in /home/pmahendro/public_html/sinarputra/protected/modules/manufacture/controllers/WorkOrderCuttingController.php (61)
in /home/pmahendro/public_html/sinarputra/protected/modules/manufacture/controllers/WorkOrderCuttingController.php (447)
in /home/pmahendro/public_html/sinarputra/protected/modules/manufacture/controllers/WorkOrderCuttingController.php (28)
2026/09/12 23:32:22 [warning] [application] Failed to set unsafe attribute "is_coating" of "WorkOrderCuttingDetail".
in /home/pmahendro/public_html/sinarputra/protected/modules/manufacture/controllers/WorkOrderCuttingController.php (58)
in /home/pmahendro/public_html/sinarputra/protected/modules/manufacture/controllers/WorkOrderCuttingController.php (164)
in /home/pmahendro/public_html/sinarputra/protected/modules/manufacture/controllers/WorkOrderCuttingController.php (28)
2026/09/12 23:32:22 [warning] [application] Failed to set unsafe attribute "is_coating" of "WorkOrderCuttingDetail".
in /home/pmahendro/public_html/sinarputra/protected/modules/manufacture/controllers/WorkOrderCuttingController.php (58)
in /home/pmahendro/public_html/sinarputra/protected/modules/manufacture/controllers/WorkOrderCuttingController.php (164)
in /home/pmahendro/public_html/sinarputra/protected/modules/manufacture/controllers/WorkOrderCuttingController.php (28)
2026/09/12 23:33:38 [warning] [application] Failed to set unsafe attribute "is_coating" of "WorkOrderCuttingDetail".
in /home/pmahendro/public_html/sinarputra/protected/modules/manufacture/controllers/WorkOrderCuttingController.php (58)
in /home/pmahendro/public_html/sinarputra/protected/modules/manufacture/controllers/WorkOrderCuttingController.php (164)
in /home/pmahendro/public_html/sinarputra/protected/modules/manufacture/controllers/WorkOrderCuttingController.php (28)
2026/09/12 23:33:38 [warning] [application] Failed to set unsafe attribute "is_coating" of "WorkOrderCuttingDetail".
in /home/pmahendro/public_html/sinarputra/protected/modules/manufacture/controllers/WorkOrderCuttingController.php (58)
in /home/pmahendro/public_html/sinarputra/protected/modules/manufacture/controllers/WorkOrderCuttingController.php (164)
in /home/pmahendro/public_html/sinarputra/protected/modules/manufacture/controllers/WorkOrderCuttingController.php (28)
2026/09/15 09:28:00 [error] [exception.CException] exception 'CException' with message 'CActiveForm and its behaviors do not have a method or closure named "dropDownField".' in /home/pmahendro/public_html/yii/framework/base/CComponent.php:266
Stack trace:
#0 /home/pmahendro/public_html/sinarputra/protected/modules/admin/views/employee/_form.php(85): CComponent->__call('dropDownField', Array)
#1 /home/pmahendro/public_html/sinarputra/protected/modules/admin/views/employee/_form.php(85): CActiveForm->dropDownField(Object(Employee), 'cost_center', Array, Array)
#2 /home/pmahendro/public_html/yii/framework/web/CBaseController.php(126): require('/home/pmahendro...')
#3 /home/pmahendro/public_html/yii/framework/web/CBaseController.php(95): CBaseController->renderInternal('/home/pmahendro...', Array, true)
#4 /home/pmahendro/public_html/yii/framework/web/CController.php(869): CBaseController->renderFile('/home/pmahendro...', Array, true)
#5 /home/pmahendro/public_html/sinarputra/protected/modules/admin/views/employee/create.php(14): CController->renderPartial('_form', Array)
#6 /home/pmahendro/public_html/yii/framework/web/CBaseController.php(126): require('/home/pmahendro...')
#7 /home/pmahendro/public_html/yii/framework/web/CBaseController.php(95): CBaseController->renderInternal('/home/pmahendro...', Array, true)
#8 /home/pmahendro/public_html/yii/framework/web/CController.php(869): CBaseController->renderFile('/home/pmahendro...', Array, true)
#9 /home/pmahendro/public_html/yii/framework/web/CController.php(782): CController->renderPartial('create', Array, true)
#10 /home/pmahendro/public_html/sinarputra/protected/modules/admin/controllers/EmployeeController.php(161): CController->render('create', Array)
#11 /home/pmahendro/public_html/yii/framework/web/actions/CInlineAction.php(49): EmployeeController->actionCreate()
#12 /home/pmahendro/public_html/yii/framework/web/CController.php(308): CInlineAction->runWithParams(Array)
#13 /home/pmahendro/public_html/yii/framework/web/filters/CFilterChain.php(133): CController->runAction(Object(CInlineAction))
#14 /home/pmahendro/public_html/sinarputra/protected/modules/admin/controllers/EmployeeController.php(34): CFilterChain->run()
#15 /home/pmahendro/public_html/yii/framework/web/filters/CInlineFilter.php(58): EmployeeController->filterAccess(Object(CFilterChain))
#16 /home/pmahendro/public_html/yii/framework/web/filters/CFilterChain.php(130): CInlineFilter->filter(Object(CFilterChain))
#17 /home/pmahendro/public_html/yii/framework/web/CController.php(291): CFilterChain->run()
#18 /home/pmahendro/public_html/yii/framework/web/CController.php(265): CController->runActionWithFilters(Object(CInlineAction), Array)
#19 /home/pmahendro/public_html/yii/framework/web/CWebApplication.php(282): CController->run('create')
#20 /home/pmahendro/public_html/yii/framework/web/CWebApplication.php(141): CWebApplication->runController('admin/employee/...')
#21 /home/pmahendro/public_html/yii/framework/base/CApplication.php(180): CWebApplication->processRequest()
#22 /home/pmahendro/public_html/sinarputra/index.php(13): CApplication->run()
#23 {main}
REQUEST_URI=/~pmahendro/sinarputra/index.php?r=admin/employee/create
HTTP_REFERER=http://localhost/~pmahendro/sinarputra/index.php?r=admin/employee/view&id=10
---
2026/09/16 13:17:23 [error] [php] include(ZipArchive.php): failed to open stream: No such file or directory (/home/pmahendro/public_html/yii/framework/YiiBase.php:427)
Stack trace:
#0 /home/pmahendro/public_html/sinarputra/protected/extensions/phpexcel/Classes/PHPExcel/Writer/Excel2007.php(234): spl_autoload_call()
#1 /home/pmahendro/public_html/sinarputra/protected/modules/report/controllers/PurchaseItemDetailController.php(174): PHPExcel_Writer_Excel2007->save()
#2 /home/pmahendro/public_html/sinarputra/protected/modules/report/controllers/PurchaseItemDetailController.php(45): PurchaseItemDetailController->saveToExcel()
#3 /home/pmahendro/public_html/yii/framework/web/actions/CInlineAction.php(49): PurchaseItemDetailController->actionSummary()
#4 /home/pmahendro/public_html/yii/framework/web/CController.php(308): CInlineAction->runWithParams()
#5 /home/pmahendro/public_html/yii/framework/web/filters/CFilterChain.php(133): PurchaseItemDetailController->runAction()
#6 /home/pmahendro/public_html/sinarputra/protected/modules/report/controllers/PurchaseItemDetailController.php(17): CFilterChain->run()
#7 /home/pmahendro/public_html/yii/framework/web/filters/CInlineFilter.php(58): PurchaseItemDetailController->filterAccess()
#8 /home/pmahendro/public_html/yii/framework/web/filters/CFilterChain.php(130): CInlineFilter->filter()
#9 /home/pmahendro/public_html/yii/framework/web/CController.php(291): CFilterChain->run()
#10 /home/pmahendro/public_html/yii/framework/web/CController.php(265): PurchaseItemDetailController->runActionWithFilters()
#11 /home/pmahendro/public_html/yii/framework/web/CWebApplication.php(282): PurchaseItemDetailController->run()
#12 /home/pmahendro/public_html/yii/framework/web/CWebApplication.php(141): CWebApplication->runController()
#13 /home/pmahendro/public_html/yii/framework/base/CApplication.php(180): CWebApplication->processRequest()
#14 /home/pmahendro/public_html/sinarputra/index.php(13): CWebApplication->run()
REQUEST_URI=/~pmahendro/sinarputra/index.php?r=report%2FpurchaseItemDetail%2Fsummary&SupplierName=&PageSize=10&page=1&StartDate=2026-06-01&EndDate=&sort=&yt0=Show
in /home/pmahendro/public_html/sinarputra/protected/extensions/phpexcel/Classes/PHPExcel/Writer/Excel2007.php (234)
in /home/pmahendro/public_html/sinarputra/protected/modules/report/controllers/PurchaseItemDetailController.php (174)
in /home/pmahendro/public_html/sinarputra/protected/modules/report/controllers/PurchaseItemDetailController.php (45)
2026/09/16 15:07:22 [error] [exception.CHttpException.404] exception 'CHttpException' with message 'The system is unable to find the requested action "admin".' in /home/pmahendro/public_html/yii/framework/web/CController.php:483
Stack trace:
#0 /home/pmahendro/public_html/yii/framework/web/CController.php(270): CController->missingAction('admin')
#1 /home/pmahendro/public_html/yii/framework/web/CWebApplication.php(282): CController->run('admin')
#2 /home/pmahendro/public_html/yii/framework/web/CWebApplication.php(141): CWebApplication->runController('accounting/jour...')
#3 /home/pmahendro/public_html/yii/framework/base/CApplication.php(180): CWebApplication->processRequest()
#4 /home/pmahendro/public_html/sinarputra/index.php(13): CApplication->run()
#5 {main}
REQUEST_URI=/~pmahendro/sinarputra/index.php?r=accounting/journalVoucher/admin
HTTP_REFERER=http://localhost/~pmahendro/sinarputra/index.php?r=report%2FpurchaseItemDetail%2Fsummary&SupplierName=&PageSize=10&page=1&StartDate=2026-06-01&EndDate=&sort=&yt0=Show
---
2026/09/16 16:38:32 [error] [php] Missing argument 2 for CFormatter::format(), called in /home/pmahendro/public_html/yii/framework/utils/CFormatter.php on line 128 and defined (/home/pmahendro/public_html/yii/framework/utils/CFormatter.php:124)
Stack trace:
#0 /home/pmahendro/public_html/yii/framework/web/CBaseController.php(173): CDetailView->run()
#1 /home/pmahendro/public_html/sinarputra/protected/modules/admin/views/item/view.php(78): ItemController->widget()
#2 /home/pmahendro/public_html/yii/framework/web/CBaseController.php(126): require()
#3 /home/pmahendro/public_html/yii/framework/web/CBaseController.php(95): ItemController->renderInternal()
#4 /home/pmahendro/public_html/yii/framework/web/CController.php(869): ItemController->renderFile()
#5 /home/pmahendro/public_html/yii/framework/web/CController.php(782): ItemController->renderPartial()
#6 /home/pmahendro/public_html/sinarputra/protected/modules/admin/controllers/ItemController.php(40): ItemController->render()
#7 unknown(0): ItemController->actionView()
#8 /home/pmahendro/public_html/yii/framework/web/actions/CAction.php(108): ReflectionMethod->invokeArgs()
#9 /home/pmahendro/public_html/yii/framework/web/actions/CInlineAction.php(47): CInlineAction->runWithParamsInternal()
#10 /home/pmahendro/public_html/yii/framework/web/CController.php(308): CInlineAction->runWithParams()
#11 /home/pmahendro/public_html/yii/framework/web/filters/CFilterChain.php(133): ItemController->runAction()
#12 /home/pmahendro/public_html/sinarputra/protected/modules/admin/controllers/ItemController.php(34): CFilterChain->run()
#13 /home/pmahendro/public_html/yii/framework/web/filters/CInlineFilter.php(58): ItemController->filterAccess()
#14 /home/pmahendro/public_html/yii/framework/web/filters/CFilterChain.php(130): CInlineFilter->filter()
#15 /home/pmahendro/public_html/yii/framework/web/CController.php(291): CFilterChain->run()
#16 /home/pmahendro/public_html/yii/framework/web/CController.php(265): ItemController->runActionWithFilters()
#17 /home/pmahendro/public_html/yii/framework/web/CWebApplication.php(282): ItemController->run()
#18 /home/pmahendro/public_html/yii/framework/web/CWebApplication.php(141): CWebApplication->runController()
#19 /home/pmahendro/public_html/yii/framework/base/CApplication.php(180): CWebApplication->processRequest()
#20 /home/pmahendro/public_html/sinarputra/index.php(13): CWebApplication->run()
REQUEST_URI=/~pmahendro/sinarputra/index.php?r=admin/item/view&id=3
in /home/pmahendro/public_html/sinarputra/protected/modules/admin/views/item/view.php (78)
in /home/pmahendro/public_html/sinarputra/protected/modules/admin/controllers/ItemController.php (40)
in /home/pmahendro/public_html/sinarputra/protected/modules/admin/controllers/ItemController.php (34)
2026/09/16 16:40:13 [error] [system.db.CDbCommand] CDbCommand::fetchAll() failed: SQLSTATE[42S22]: Column not found: 1054 Unknown column 'coa_category_id' in 'where clause'. The SQL statement executed was: SELECT * FROM `tblsp_account` `t` WHERE (t.is_inactive = :is_inactive) AND (coa_category_id IN (81, 83)) ORDER BY code ASC.
in /home/pmahendro/public_html/sinarputra/protected/modules/admin/views/item/_form.php (24)
in /home/pmahendro/public_html/sinarputra/protected/modules/admin/views/item/update.php (17)
in /home/pmahendro/public_html/sinarputra/protected/modules/admin/controllers/ItemController.php (72)
2026/09/16 16:40:13 [error] [exception.CDbException] exception 'CDbException' with message 'CDbCommand failed to execute the SQL statement: SQLSTATE[42S22]: Column not found: 1054 Unknown column 'coa_category_id' in 'where clause'. The SQL statement executed was: SELECT * FROM `tblsp_account` `t` WHERE (t.is_inactive = :is_inactive) AND (coa_category_id IN (81, 83)) ORDER BY code ASC' in /home/pmahendro/public_html/yii/framework/db/CDbCommand.php:543
Stack trace:
#0 /home/pmahendro/public_html/yii/framework/db/CDbCommand.php(396): CDbCommand->queryInternal('fetchAll', Array, Array)
#1 /home/pmahendro/public_html/yii/framework/db/ar/CActiveRecord.php(1351): CDbCommand->queryAll()
#2 /home/pmahendro/public_html/yii/framework/db/ar/CActiveRecord.php(1470): CActiveRecord->query(Object(CDbCriteria), true)
#3 /home/pmahendro/public_html/sinarputra/protected/modules/admin/views/item/_form.php(24): CActiveRecord->findAll(Array)
#4 /home/pmahendro/public_html/yii/framework/web/CBaseController.php(126): require('/home/pmahendro...')
#5 /home/pmahendro/public_html/yii/framework/web/CBaseController.php(95): CBaseController->renderInternal('/home/pmahendro...', Array, true)
#6 /home/pmahendro/public_html/yii/framework/web/CController.php(869): CBaseController->renderFile('/home/pmahendro...', Array, true)
#7 /home/pmahendro/public_html/sinarputra/protected/modules/admin/views/item/update.php(17): CController->renderPartial('_form', Array)
#8 /home/pmahendro/public_html/yii/framework/web/CBaseController.php(126): require('/home/pmahendro...')
#9 /home/pmahendro/public_html/yii/framework/web/CBaseController.php(95): CBaseController->renderInternal('/home/pmahendro...', Array, true)
#10 /home/pmahendro/public_html/yii/framework/web/CController.php(869): CBaseController->renderFile('/home/pmahendro...', Array, true)
#11 /home/pmahendro/public_html/yii/framework/web/CController.php(782): CController->renderPartial('update', Array, true)
#12 /home/pmahendro/public_html/sinarputra/protected/modules/admin/controllers/ItemController.php(72): CController->render('update', Array)
#13 [internal function]: ItemController->actionUpdate('3')
#14 /home/pmahendro/public_html/yii/framework/web/actions/CAction.php(108): ReflectionMethod->invokeArgs(Object(ItemController), Array)
#15 /home/pmahendro/public_html/yii/framework/web/actions/CInlineAction.php(47): CAction->runWithParamsInternal(Object(ItemController), Object(ReflectionMethod), Array)
#16 /home/pmahendro/public_html/yii/framework/web/CController.php(308): CInlineAction->runWithParams(Array)
#17 /home/pmahendro/public_html/yii/framework/web/filters/CFilterChain.php(133): CController->runAction(Object(CInlineAction))
#18 /home/pmahendro/public_html/sinarputra/protected/modules/admin/controllers/ItemController.php(34): CFilterChain->run()
#19 /home/pmahendro/public_html/yii/framework/web/filters/CInlineFilter.php(58): ItemController->filterAccess(Object(CFilterChain))
#20 /home/pmahendro/public_html/yii/framework/web/filters/CFilterChain.php(130): CInlineFilter->filter(Object(CFilterChain))
#21 /home/pmahendro/public_html/yii/framework/web/CController.php(291): CFilterChain->run()
#22 /home/pmahendro/public_html/yii/framework/web/CController.php(265): CController->runActionWithFilters(Object(CInlineAction), Array)
#23 /home/pmahendro/public_html/yii/framework/web/CWebApplication.php(282): CController->run('update')
#24 /home/pmahendro/public_html/yii/framework/web/CWebApplication.php(141): CWebApplication->runController('admin/item/upda...')
#25 /home/pmahendro/public_html/yii/framework/base/CApplication.php(180): CWebApplication->processRequest()
#26 /home/pmahendro/public_html/sinarputra/index.php(13): CApplication->run()
#27 {main}
REQUEST_URI=/~pmahendro/sinarputra/index.php?r=admin/item/update&id=3
HTTP_REFERER=http://localhost/~pmahendro/sinarputra/index.php?r=admin/item/view&id=3
---
2026/09/16 16:40:23 [error] [system.db.CDbCommand] CDbCommand::fetchAll() failed: SQLSTATE[42S22]: Column not found: 1054 Unknown column 'coa_category_id' in 'where clause'. The SQL statement executed was: SELECT * FROM `tblsp_account` `t` WHERE (t.is_inactive = :is_inactive) AND (coa_category_id IN (81, 83)) ORDER BY code ASC.
in /home/pmahendro/public_html/sinarputra/protected/modules/admin/views/item/_form.php (24)
in /home/pmahendro/public_html/sinarputra/protected/modules/admin/views/item/create.php (14)
in /home/pmahendro/public_html/sinarputra/protected/modules/admin/controllers/ItemController.php (56)
2026/09/16 16:40:23 [error] [exception.CDbException] exception 'CDbException' with message 'CDbCommand failed to execute the SQL statement: SQLSTATE[42S22]: Column not found: 1054 Unknown column 'coa_category_id' in 'where clause'. The SQL statement executed was: SELECT * FROM `tblsp_account` `t` WHERE (t.is_inactive = :is_inactive) AND (coa_category_id IN (81, 83)) ORDER BY code ASC' in /home/pmahendro/public_html/yii/framework/db/CDbCommand.php:543
Stack trace:
#0 /home/pmahendro/public_html/yii/framework/db/CDbCommand.php(396): CDbCommand->queryInternal('fetchAll', Array, Array)
#1 /home/pmahendro/public_html/yii/framework/db/ar/CActiveRecord.php(1351): CDbCommand->queryAll()
#2 /home/pmahendro/public_html/yii/framework/db/ar/CActiveRecord.php(1470): CActiveRecord->query(Object(CDbCriteria), true)
#3 /home/pmahendro/public_html/sinarputra/protected/modules/admin/views/item/_form.php(24): CActiveRecord->findAll(Array)
#4 /home/pmahendro/public_html/yii/framework/web/CBaseController.php(126): require('/home/pmahendro...')
#5 /home/pmahendro/public_html/yii/framework/web/CBaseController.php(95): CBaseController->renderInternal('/home/pmahendro...', Array, true)
#6 /home/pmahendro/public_html/yii/framework/web/CController.php(869): CBaseController->renderFile('/home/pmahendro...', Array, true)
#7 /home/pmahendro/public_html/sinarputra/protected/modules/admin/views/item/create.php(14): CController->renderPartial('_form', Array)
#8 /home/pmahendro/public_html/yii/framework/web/CBaseController.php(126): require('/home/pmahendro...')
#9 /home/pmahendro/public_html/yii/framework/web/CBaseController.php(95): CBaseController->renderInternal('/home/pmahendro...', Array, true)
#10 /home/pmahendro/public_html/yii/framework/web/CController.php(869): CBaseController->renderFile('/home/pmahendro...', Array, true)
#11 /home/pmahendro/public_html/yii/framework/web/CController.php(782): CController->renderPartial('create', Array, true)
#12 /home/pmahendro/public_html/sinarputra/protected/modules/admin/controllers/ItemController.php(56): CController->render('create', Array)
#13 /home/pmahendro/public_html/yii/framework/web/actions/CInlineAction.php(49): ItemController->actionCreate()
#14 /home/pmahendro/public_html/yii/framework/web/CController.php(308): CInlineAction->runWithParams(Array)
#15 /home/pmahendro/public_html/yii/framework/web/filters/CFilterChain.php(133): CController->runAction(Object(CInlineAction))
#16 /home/pmahendro/public_html/sinarputra/protected/modules/admin/controllers/ItemController.php(34): CFilterChain->run()
#17 /home/pmahendro/public_html/yii/framework/web/filters/CInlineFilter.php(58): ItemController->filterAccess(Object(CFilterChain))
#18 /home/pmahendro/public_html/yii/framework/web/filters/CFilterChain.php(130): CInlineFilter->filter(Object(CFilterChain))
#19 /home/pmahendro/public_html/yii/framework/web/CController.php(291): CFilterChain->run()
#20 /home/pmahendro/public_html/yii/framework/web/CController.php(265): CController->runActionWithFilters(Object(CInlineAction), Array)
#21 /home/pmahendro/public_html/yii/framework/web/CWebApplication.php(282): CController->run('create')
#22 /home/pmahendro/public_html/yii/framework/web/CWebApplication.php(141): CWebApplication->runController('admin/item/crea...')
#23 /home/pmahendro/public_html/yii/framework/base/CApplication.php(180): CWebApplication->processRequest()
#24 /home/pmahendro/public_html/sinarputra/index.php(13): CApplication->run()
#25 {main}
REQUEST_URI=/~pmahendro/sinarputra/index.php?r=admin/item/create
HTTP_REFERER=http://localhost/~pmahendro/sinarputra/index.php?r=admin/item/view&id=3
---
2026/09/16 16:43:06 [error] [exception.CException] exception 'CException' with message 'Property "PurchaseHeader.discountAmount" is not defined.' in /home/pmahendro/public_html/yii/framework/base/CComponent.php:130
Stack trace:
#0 /home/pmahendro/public_html/yii/framework/db/ar/CActiveRecord.php(145): CComponent->__get('discountAmount')
#1 /home/pmahendro/public_html/sinarputra/protected/modules/accounting/controllers/PurchaseInvoiceController.php(128): CActiveRecord->__get('discountAmount')
#2 [internal function]: PurchaseInvoiceController->actionCreate('3941', '')
#3 /home/pmahendro/public_html/yii/framework/web/actions/CAction.php(108): ReflectionMethod->invokeArgs(Object(PurchaseInvoiceController), Array)
#4 /home/pmahendro/public_html/yii/framework/web/actions/CInlineAction.php(47): CAction->runWithParamsInternal(Object(PurchaseInvoiceController), Object(ReflectionMethod), Array)
#5 /home/pmahendro/public_html/yii/framework/web/CController.php(308): CInlineAction->runWithParams(Array)
#6 /home/pmahendro/public_html/yii/framework/web/filters/CFilterChain.php(133): CController->runAction(Object(CInlineAction))
#7 /home/pmahendro/public_html/sinarputra/protected/modules/accounting/controllers/PurchaseInvoiceController.php(32): CFilterChain->run()
#8 /home/pmahendro/public_html/yii/framework/web/filters/CInlineFilter.php(58): PurchaseInvoiceController->filterAccess(Object(CFilterChain))
#9 /home/pmahendro/public_html/yii/framework/web/filters/CFilterChain.php(130): CInlineFilter->filter(Object(CFilterChain))
#10 /home/pmahendro/public_html/yii/framework/web/CController.php(291): CFilterChain->run()
#11 /home/pmahendro/public_html/yii/framework/web/CController.php(265): CController->runActionWithFilters(Object(CInlineAction), Array)
#12 /home/pmahendro/public_html/yii/framework/web/CWebApplication.php(282): CController->run('create')
#13 /home/pmahendro/public_html/yii/framework/web/CWebApplication.php(141): CWebApplication->runController('accounting/purc...')
#14 /home/pmahendro/public_html/yii/framework/base/CApplication.php(180): CWebApplication->processRequest()
#15 /home/pmahendro/public_html/sinarputra/index.php(13): CApplication->run()
#16 {main}
REQUEST_URI=/~pmahendro/sinarputra/index.php?r=accounting/purchaseInvoice/create&receiveHeaderId=3941&receiveItemHeaderId=
HTTP_REFERER=http://localhost/~pmahendro/sinarputra/index.php?r=accounting/purchaseInvoice/receiveList
---
2026/09/16 18:48:06 [error] [php] Undefined variable: expense (/home/pmahendro/public_html/sinarputra/protected/modules/accounting/views/journalVoucher/admin.php:43)
Stack trace:
#0 /home/pmahendro/public_html/yii/framework/web/CController.php(869): JournalVoucherController->renderFile()
#1 /home/pmahendro/public_html/yii/framework/web/CController.php(782): JournalVoucherController->renderPartial()
#2 /home/pmahendro/public_html/sinarputra/protected/modules/accounting/controllers/JournalVoucherController.php(80): JournalVoucherController->render()
#3 /home/pmahendro/public_html/yii/framework/web/actions/CInlineAction.php(49): JournalVoucherController->actionAdmin()
#4 /home/pmahendro/public_html/yii/framework/web/CController.php(308): CInlineAction->runWithParams()
#5 /home/pmahendro/public_html/yii/framework/web/CController.php(286): JournalVoucherController->runAction()
#6 /home/pmahendro/public_html/yii/framework/web/CController.php(265): JournalVoucherController->runActionWithFilters()
#7 /home/pmahendro/public_html/yii/framework/web/CWebApplication.php(282): JournalVoucherController->run()
#8 /home/pmahendro/public_html/yii/framework/web/CWebApplication.php(141): CWebApplication->runController()
#9 /home/pmahendro/public_html/yii/framework/base/CApplication.php(180): CWebApplication->processRequest()
#10 /home/pmahendro/public_html/sinarputra/index.php(13): CWebApplication->run()
REQUEST_URI=/~pmahendro/sinarputra/index.php?r=accounting/journalVoucher/admin
in /home/pmahendro/public_html/sinarputra/protected/modules/accounting/views/journalVoucher/admin.php (43)
in /home/pmahendro/public_html/sinarputra/protected/modules/accounting/controllers/JournalVoucherController.php (80)
in /home/pmahendro/public_html/sinarputra/index.php (13)
2026/09/16 18:51:39 [error] [exception.CException] exception 'CException' with message 'Property "JournalVoucherHeader.account_id" is not defined.' in /home/pmahendro/public_html/yii/framework/base/CComponent.php:130
Stack trace:
#0 /home/pmahendro/public_html/yii/framework/db/ar/CActiveRecord.php(145): CComponent->__get('account_id')
#1 /home/pmahendro/public_html/yii/framework/web/helpers/CHtml.php(2529): CActiveRecord->__get('account_id')
#2 /home/pmahendro/public_html/yii/framework/web/helpers/CHtml.php(1802): CHtml::resolveValue(Object(JournalVoucherHeader), 'account_id')
#3 /home/pmahendro/public_html/yii/framework/zii/widgets/grid/CDataColumn.php(101): CHtml::activeDropDownList(Object(JournalVoucherHeader), 'account_id', Array, Array)
#4 /home/pmahendro/public_html/yii/framework/zii/widgets/grid/CGridColumn.php(116): CDataColumn->renderFilterCellContent()
#5 /home/pmahendro/public_html/yii/framework/zii/widgets/grid/CGridView.php(532): CGridColumn->renderFilterCell()
#6 /home/pmahendro/public_html/yii/framework/zii/widgets/grid/CGridView.php(510): CGridView->renderFilter()
#7 /home/pmahendro/public_html/yii/framework/zii/widgets/grid/CGridView.php(480): CGridView->renderTableHeader()
#8 /home/pmahendro/public_html/yii/framework/zii/widgets/CBaseListView.php(167): CGridView->renderItems()
#9 [internal function]: CBaseListView->renderSection(Array)
#10 /home/pmahendro/public_html/yii/framework/zii/widgets/CBaseListView.php(150): preg_replace_callback('/{(\\w+)}/', Array, '{summary}\n{item...')
#11 /home/pmahendro/public_html/yii/framework/zii/widgets/CBaseListView.php(135): CBaseListView->renderContent()
#12 /home/pmahendro/public_html/yii/framework/web/CBaseController.php(173): CBaseListView->run()
#13 /home/pmahendro/public_html/sinarputra/protected/modules/accounting/views/journalVoucher/admin.php(87): CBaseController->widget('zii.widgets.gri...', Array)
#14 /home/pmahendro/public_html/yii/framework/web/CBaseController.php(126): require('/home/pmahendro...')
#15 /home/pmahendro/public_html/yii/framework/web/CBaseController.php(95): CBaseController->renderInternal('/home/pmahendro...', Array, true)
#16 /home/pmahendro/public_html/yii/framework/web/CController.php(869): CBaseController->renderFile('/home/pmahendro...', Array, true)
#17 /home/pmahendro/public_html/yii/framework/web/CController.php(782): CController->renderPartial('admin', Array, true)
#18 /home/pmahendro/public_html/sinarputra/protected/modules/accounting/controllers/JournalVoucherController.php(80): CController->render('admin', Array)
#19 /home/pmahendro/public_html/yii/framework/web/actions/CInlineAction.php(49): JournalVoucherController->actionAdmin()
#20 /home/pmahendro/public_html/yii/framework/web/CController.php(308): CInlineAction->runWithParams(Array)
#21 /home/pmahendro/public_html/yii/framework/web/CController.php(286): CController->runAction(Object(CInlineAction))
#22 /home/pmahendro/public_html/yii/framework/web/CController.php(265): CController->runActionWithFilters(Object(CInlineAction), Array)
#23 /home/pmahendro/public_html/yii/framework/web/CWebApplication.php(282): CController->run('admin')
#24 /home/pmahendro/public_html/yii/framework/web/CWebApplication.php(141): CWebApplication->runController('accounting/jour...')
#25 /home/pmahendro/public_html/yii/framework/base/CApplication.php(180): CWebApplication->processRequest()
#26 /home/pmahendro/public_html/sinarputra/index.php(13): CApplication->run()
#27 {main}
REQUEST_URI=/~pmahendro/sinarputra/index.php?r=accounting/journalVoucher/admin
---
2026/09/18 13:06:12 [warning] [application] Failed to set unsafe attribute "is_coating" of "WorkOrderCuttingDetail".
in /home/pmahendro/public_html/sinarputra/protected/modules/manufacture/controllers/WorkOrderCuttingController.php (58)
in /home/pmahendro/public_html/sinarputra/protected/modules/manufacture/controllers/WorkOrderCuttingController.php (164)
in /home/pmahendro/public_html/sinarputra/protected/modules/manufacture/controllers/WorkOrderCuttingController.php (28)
2026/09/18 13:06:30 [error] [system.db.CDbCommand] CDbCommand::execute() failed: SQLSTATE[23000]: Integrity constraint violation: 1062 Duplicate entry '753-9-26' for key 'tblsp_work_order_cutting_header.cn_ordinal'. The SQL statement executed was: INSERT INTO `tblsp_work_order_cutting_header` (`is_service`, `is_miling_additional`, `is_pending`, `is_inactive`, `total_quantity_cutting_planning_remaining`, `total_quantity_delivery_remaining`, `date`, `admin_id`, `created_datetime`, `sale_header_id`, `customer_id`, `note`, `cn_ordinal`, `cn_month`, `cn_year`) VALUES (:yp0, :yp1, :yp2, :yp3, :yp4, :yp5, :yp6, :yp7, :yp8, :yp9, :yp10, :yp11, :yp12, :yp13, :yp14).
in /home/pmahendro/public_html/sinarputra/protected/modules/manufacture/components/WorkOrderCuttingComponent.php (192)
in /home/pmahendro/public_html/sinarputra/protected/modules/manufacture/components/WorkOrderCuttingComponent.php (225)
in /home/pmahendro/public_html/sinarputra/protected/modules/manufacture/controllers/WorkOrderCuttingController.php (250)
2026/09/18 13:06:59 [warning] [application] Failed to set unsafe attribute "is_coating" of "WorkOrderCuttingDetail".
in /home/pmahendro/public_html/sinarputra/protected/modules/manufacture/controllers/WorkOrderCuttingController.php (58)
in /home/pmahendro/public_html/sinarputra/protected/modules/manufacture/controllers/WorkOrderCuttingController.php (164)
in /home/pmahendro/public_html/sinarputra/protected/modules/manufacture/controllers/WorkOrderCuttingController.php (28)
2026/09/18 13:07:12 [error] [system.db.CDbCommand] CDbCommand::execute() failed: SQLSTATE[23000]: Integrity constraint violation: 1062 Duplicate entry '753-9-26' for key 'tblsp_work_order_cutting_header.cn_ordinal'. The SQL statement executed was: INSERT INTO `tblsp_work_order_cutting_header` (`is_service`, `is_miling_additional`, `is_pending`, `is_inactive`, `total_quantity_cutting_planning_remaining`, `total_quantity_delivery_remaining`, `date`, `admin_id`, `created_datetime`, `sale_header_id`, `customer_id`, `note`, `cn_ordinal`, `cn_month`, `cn_year`) VALUES (:yp0, :yp1, :yp2, :yp3, :yp4, :yp5, :yp6, :yp7, :yp8, :yp9, :yp10, :yp11, :yp12, :yp13, :yp14).
in /home/pmahendro/public_html/sinarputra/protected/modules/manufacture/components/WorkOrderCuttingComponent.php (192)
in /home/pmahendro/public_html/sinarputra/protected/modules/manufacture/components/WorkOrderCuttingComponent.php (225)
in /home/pmahendro/public_html/sinarputra/protected/modules/manufacture/controllers/WorkOrderCuttingController.php (250)
2026/09/18 13:08:40 [warning] [application] Failed to set unsafe attribute "is_coating" of "WorkOrderCuttingDetail".
in /home/pmahendro/public_html/sinarputra/protected/modules/manufacture/controllers/WorkOrderCuttingController.php (58)
in /home/pmahendro/public_html/sinarputra/protected/modules/manufacture/controllers/WorkOrderCuttingController.php (164)
in /home/pmahendro/public_html/sinarputra/protected/modules/manufacture/controllers/WorkOrderCuttingController.php (28)
2026/09/18 13:08:52 [error] [system.db.CDbCommand] CDbCommand::execute() failed: SQLSTATE[23000]: Integrity constraint violation: 1062 Duplicate entry '753-9-26' for key 'tblsp_work_order_cutting_header.cn_ordinal'. The SQL statement executed was: INSERT INTO `tblsp_work_order_cutting_header` (`is_service`, `is_miling_additional`, `is_pending`, `is_inactive`, `total_quantity_cutting_planning_remaining`, `total_quantity_delivery_remaining`, `date`, `admin_id`, `created_datetime`, `sale_header_id`, `customer_id`, `note`, `cn_ordinal`, `cn_month`, `cn_year`) VALUES (:yp0, :yp1, :yp2, :yp3, :yp4, :yp5, :yp6, :yp7, :yp8, :yp9, :yp10, :yp11, :yp12, :yp13, :yp14).
in /home/pmahendro/public_html/sinarputra/protected/modules/manufacture/components/WorkOrderCuttingComponent.php (192)
in /home/pmahendro/public_html/sinarputra/protected/modules/manufacture/components/WorkOrderCuttingComponent.php (225)
in /home/pmahendro/public_html/sinarputra/protected/modules/manufacture/controllers/WorkOrderCuttingController.php (250)
2026/09/18 13:09:12 [warning] [application] Failed to set unsafe attribute "is_coating" of "WorkOrderCuttingDetail".
in /home/pmahendro/public_html/sinarputra/protected/modules/manufacture/controllers/WorkOrderCuttingController.php (58)
in /home/pmahendro/public_html/sinarputra/protected/modules/manufacture/controllers/WorkOrderCuttingController.php (164)
in /home/pmahendro/public_html/sinarputra/protected/modules/manufacture/controllers/WorkOrderCuttingController.php (28)
2026/09/18 13:11:38 [warning] [application] Failed to set unsafe attribute "is_coating" of "WorkOrderCuttingDetail".
in /home/pmahendro/public_html/sinarputra/protected/modules/manufacture/controllers/WorkOrderCuttingController.php (58)
in /home/pmahendro/public_html/sinarputra/protected/modules/manufacture/controllers/WorkOrderCuttingController.php (164)
in /home/pmahendro/public_html/sinarputra/protected/modules/manufacture/controllers/WorkOrderCuttingController.php (28)
2026/09/18 13:12:28 [error] [system.db.CDbCommand] CDbCommand::execute() failed: SQLSTATE[23000]: Integrity constraint violation: 1062 Duplicate entry '753-9-26' for key 'tblsp_work_order_cutting_header.cn_ordinal'. The SQL statement executed was: INSERT INTO `tblsp_work_order_cutting_header` (`is_service`, `is_miling_additional`, `is_pending`, `is_inactive`, `total_quantity_cutting_planning_remaining`, `total_quantity_delivery_remaining`, `date`, `admin_id`, `created_datetime`, `sale_header_id`, `customer_id`, `note`, `cn_ordinal`, `cn_month`, `cn_year`) VALUES (:yp0, :yp1, :yp2, :yp3, :yp4, :yp5, :yp6, :yp7, :yp8, :yp9, :yp10, :yp11, :yp12, :yp13, :yp14).
in /home/pmahendro/public_html/sinarputra/protected/modules/manufacture/components/WorkOrderCuttingComponent.php (192)
in /home/pmahendro/public_html/sinarputra/protected/modules/manufacture/components/WorkOrderCuttingComponent.php (225)
in /home/pmahendro/public_html/sinarputra/protected/modules/manufacture/controllers/WorkOrderCuttingController.php (250)
2026/09/18 13:14:01 [warning] [application] Failed to set unsafe attribute "is_coating" of "WorkOrderCuttingDetail".
in /home/pmahendro/public_html/sinarputra/protected/modules/manufacture/controllers/WorkOrderCuttingController.php (58)
in /home/pmahendro/public_html/sinarputra/protected/modules/manufacture/controllers/WorkOrderCuttingController.php (164)
in /home/pmahendro/public_html/sinarputra/protected/modules/manufacture/controllers/WorkOrderCuttingController.php (28)
2026/09/18 13:20:06 [error] [system.db.CDbCommand] CDbCommand::execute() failed: SQLSTATE[23000]: Integrity constraint violation: 1062 Duplicate entry '753-9-26' for key 'tblsp_work_order_cutting_header.cn_ordinal'. The SQL statement executed was: INSERT INTO `tblsp_work_order_cutting_header` (`is_service`, `is_miling_additional`, `is_pending`, `is_inactive`, `total_quantity_cutting_planning_remaining`, `total_quantity_delivery_remaining`, `date`, `admin_id`, `created_datetime`, `sale_header_id`, `customer_id`, `note`, `cn_ordinal`, `cn_month`, `cn_year`) VALUES (:yp0, :yp1, :yp2, :yp3, :yp4, :yp5, :yp6, :yp7, :yp8, :yp9, :yp10, :yp11, :yp12, :yp13, :yp14).
in /home/pmahendro/public_html/sinarputra/protected/modules/manufacture/components/WorkOrderCuttingComponent.php (192)
in /home/pmahendro/public_html/sinarputra/protected/modules/manufacture/components/WorkOrderCuttingComponent.php (225)
in /home/pmahendro/public_html/sinarputra/protected/modules/manufacture/controllers/WorkOrderCuttingController.php (250)
2026/09/18 13:28:51 [warning] [application] Failed to set unsafe attribute "is_coating" of "WorkOrderCuttingDetail".
in /home/pmahendro/public_html/sinarputra/protected/modules/manufacture/controllers/WorkOrderCuttingController.php (58)
in /home/pmahendro/public_html/sinarputra/protected/modules/manufacture/controllers/WorkOrderCuttingController.php (164)
in /home/pmahendro/public_html/sinarputra/protected/modules/manufacture/controllers/WorkOrderCuttingController.php (28)
2026/09/18 13:29:12 [error] [system.db.CDbCommand] CDbCommand::execute() failed: SQLSTATE[23000]: Integrity constraint violation: 1062 Duplicate entry '753-9-26' for key 'tblsp_work_order_cutting_header.cn_ordinal'. The SQL statement executed was: INSERT INTO `tblsp_work_order_cutting_header` (`is_service`, `is_miling_additional`, `is_pending`, `is_inactive`, `total_quantity_cutting_planning_remaining`, `total_quantity_delivery_remaining`, `date`, `admin_id`, `created_datetime`, `sale_header_id`, `customer_id`, `note`, `cn_ordinal`, `cn_month`, `cn_year`) VALUES (:yp0, :yp1, :yp2, :yp3, :yp4, :yp5, :yp6, :yp7, :yp8, :yp9, :yp10, :yp11, :yp12, :yp13, :yp14).
in /home/pmahendro/public_html/sinarputra/protected/modules/manufacture/components/WorkOrderCuttingComponent.php (192)
in /home/pmahendro/public_html/sinarputra/protected/modules/manufacture/components/WorkOrderCuttingComponent.php (225)
in /home/pmahendro/public_html/sinarputra/protected/modules/manufacture/controllers/WorkOrderCuttingController.php (250)
2026/09/18 13:31:21 [warning] [application] Failed to set unsafe attribute "is_coating" of "WorkOrderCuttingDetail".
in /home/pmahendro/public_html/sinarputra/protected/modules/manufacture/controllers/WorkOrderCuttingController.php (58)
in /home/pmahendro/public_html/sinarputra/protected/modules/manufacture/controllers/WorkOrderCuttingController.php (164)
in /home/pmahendro/public_html/sinarputra/protected/modules/manufacture/controllers/WorkOrderCuttingController.php (28)
2026/09/18 13:33:39 [error] [system.db.CDbCommand] CDbCommand::execute() failed: SQLSTATE[HY000]: General error: 1364 Field 'cn_ordinal' doesn't have a default value. The SQL statement executed was: INSERT INTO `tblsp_work_order_cutting_header` (`is_service`, `is_miling_additional`, `is_pending`, `is_inactive`, `total_quantity_cutting_planning_remaining`, `total_quantity_delivery_remaining`, `date`, `admin_id`, `created_datetime`, `sale_header_id`, `customer_id`, `note`) VALUES (:yp0, :yp1, :yp2, :yp3, :yp4, :yp5, :yp6, :yp7, :yp8, :yp9, :yp10, :yp11).
in /home/pmahendro/public_html/sinarputra/protected/modules/manufacture/components/WorkOrderCuttingComponent.php (192)
in /home/pmahendro/public_html/sinarputra/protected/modules/manufacture/components/WorkOrderCuttingComponent.php (225)
in /home/pmahendro/public_html/sinarputra/protected/modules/manufacture/controllers/WorkOrderCuttingController.php (250)
2026/09/18 13:33:50 [warning] [application] Failed to set unsafe attribute "is_coating" of "WorkOrderCuttingDetail".
in /home/pmahendro/public_html/sinarputra/protected/modules/manufacture/controllers/WorkOrderCuttingController.php (58)
in /home/pmahendro/public_html/sinarputra/protected/modules/manufacture/controllers/WorkOrderCuttingController.php (164)
in /home/pmahendro/public_html/sinarputra/protected/modules/manufacture/controllers/WorkOrderCuttingController.php (28)
2026/09/18 13:34:07 [error] [system.db.CDbCommand] CDbCommand::execute() failed: SQLSTATE[HY000]: General error: 1364 Field 'cn_ordinal' doesn't have a default value. The SQL statement executed was: INSERT INTO `tblsp_work_order_cutting_header` (`is_service`, `is_miling_additional`, `is_pending`, `is_inactive`, `total_quantity_cutting_planning_remaining`, `total_quantity_delivery_remaining`, `date`, `admin_id`, `created_datetime`, `sale_header_id`, `customer_id`, `note`) VALUES (:yp0, :yp1, :yp2, :yp3, :yp4, :yp5, :yp6, :yp7, :yp8, :yp9, :yp10, :yp11).
in /home/pmahendro/public_html/sinarputra/protected/modules/manufacture/components/WorkOrderCuttingComponent.php (192)
in /home/pmahendro/public_html/sinarputra/protected/modules/manufacture/components/WorkOrderCuttingComponent.php (225)
in /home/pmahendro/public_html/sinarputra/protected/modules/manufacture/controllers/WorkOrderCuttingController.php (250)
2026/09/18 13:34:28 [warning] [application] Failed to set unsafe attribute "is_coating" of "WorkOrderCuttingDetail".
in /home/pmahendro/public_html/sinarputra/protected/modules/manufacture/controllers/WorkOrderCuttingController.php (58)
in /home/pmahendro/public_html/sinarputra/protected/modules/manufacture/controllers/WorkOrderCuttingController.php (164)
in /home/pmahendro/public_html/sinarputra/protected/modules/manufacture/controllers/WorkOrderCuttingController.php (28)
2026/09/18 13:34:46 [error] [system.db.CDbCommand] CDbCommand::execute() failed: SQLSTATE[HY000]: General error: 1364 Field 'cn_ordinal' doesn't have a default value. The SQL statement executed was: INSERT INTO `tblsp_work_order_cutting_header` (`is_service`, `is_miling_additional`, `is_pending`, `is_inactive`, `total_quantity_cutting_planning_remaining`, `total_quantity_delivery_remaining`, `date`, `admin_id`, `created_datetime`, `sale_header_id`, `customer_id`, `note`) VALUES (:yp0, :yp1, :yp2, :yp3, :yp4, :yp5, :yp6, :yp7, :yp8, :yp9, :yp10, :yp11).
in /home/pmahendro/public_html/sinarputra/protected/modules/manufacture/components/WorkOrderCuttingComponent.php (192)
in /home/pmahendro/public_html/sinarputra/protected/modules/manufacture/components/WorkOrderCuttingComponent.php (225)
in /home/pmahendro/public_html/sinarputra/protected/modules/manufacture/controllers/WorkOrderCuttingController.php (250)
2026/09/18 13:38:08 [warning] [application] Failed to set unsafe attribute "is_coating" of "WorkOrderCuttingDetail".
in /home/pmahendro/public_html/sinarputra/protected/modules/manufacture/controllers/WorkOrderCuttingController.php (58)
in /home/pmahendro/public_html/sinarputra/protected/modules/manufacture/controllers/WorkOrderCuttingController.php (164)
in /home/pmahendro/public_html/sinarputra/protected/modules/manufacture/controllers/WorkOrderCuttingController.php (28)
2026/09/22 09:29:33 [error] [exception.CHttpException.404] exception 'CHttpException' with message 'Unable to resolve the request "accounting/materialSaleInvoice/indexCoretax".' in /home/pmahendro/public_html/yii/framework/web/CWebApplication.php:286
Stack trace:
#0 /home/pmahendro/public_html/yii/framework/web/CWebApplication.php(141): CWebApplication->runController('accounting/mate...')
#1 /home/pmahendro/public_html/yii/framework/base/CApplication.php(180): CWebApplication->processRequest()
#2 /home/pmahendro/public_html/sinarputra/index.php(13): CApplication->run()
#3 {main}
REQUEST_URI=/~pmahendro/sinarputra/index.php?r=accounting/materialSaleInvoice/indexCoretax
---
2026/09/22 09:37:51 [error] [exception.CHttpException.404] exception 'CHttpException' with message 'Unable to resolve the request "accounting/materialSaleInvoice/indexCoretax".' in /home/pmahendro/public_html/yii/framework/web/CWebApplication.php:286
Stack trace:
#0 /home/pmahendro/public_html/yii/framework/web/CWebApplication.php(141): CWebApplication->runController('accounting/mate...')
#1 /home/pmahendro/public_html/yii/framework/base/CApplication.php(180): CWebApplication->processRequest()
#2 /home/pmahendro/public_html/sinarputra/index.php(13): CApplication->run()
#3 {main}
REQUEST_URI=/~pmahendro/sinarputra/index.php?r=accounting/materialSaleInvoice/indexCoretax
---
2026/09/22 09:39:34 [error] [system.db.CDbCommand] CDbCommand::fetchColumn() failed: SQLSTATE[42000]: Syntax error or access violation: 1064 You have an error in your SQL syntax; check the manual that corresponds to your MySQL server version for the right syntax to use near '== "")))' at line 1. The SQL statement executed was: SELECT COUNT(DISTINCT `t`.`id`) FROM `tblsp_manual_sale_invoice_header` `t`  LEFT OUTER JOIN `tblsp_work_order_cutting_header` `workOrderCuttingHeader` ON (`t`.`work_order_cutting_header_id`=`workOrderCuttingHeader`.`id`) AND (workOrderCuttingHeader.is_inactive = :is_inactive)  LEFT OUTER JOIN `tblsp_sale_header` `saleHeader` ON (`workOrderCuttingHeader`.`sale_header_id`=`saleHeader`.`id`) AND (saleHeader.is_inactive = :is_inactive)  LEFT OUTER JOIN `tblsp_customer` `customer` ON (`t`.`customer_id`=`customer`.`id`) AND (customer.is_inactive = :is_inactive)  LEFT OUTER JOIN `tblsp_employee` `employeeIdSalesman` ON (`t`.`employee_id_salesman`=`employeeIdSalesman`.`id`) AND (employeeIdSalesman.is_inactive = :is_inactive)  WHERE ((t.is_inactive = :is_inactive) AND (t.is_inactive = 0 AND (t.tax_number is null OR t.tax_number == ""))).
in /home/pmahendro/public_html/sinarputra/protected/modules/accounting/views/manualSaleInvoice/indexCoretax.php (138)
in /home/pmahendro/public_html/sinarputra/protected/modules/accounting/controllers/ManualSaleInvoiceController.php (380)
in /home/pmahendro/public_html/sinarputra/index.php (13)
2026/09/22 09:39:34 [error] [exception.CDbException] exception 'CDbException' with message 'CDbCommand failed to execute the SQL statement: SQLSTATE[42000]: Syntax error or access violation: 1064 You have an error in your SQL syntax; check the manual that corresponds to your MySQL server version for the right syntax to use near '== "")))' at line 1. The SQL statement executed was: SELECT COUNT(DISTINCT `t`.`id`) FROM `tblsp_manual_sale_invoice_header` `t`  LEFT OUTER JOIN `tblsp_work_order_cutting_header` `workOrderCuttingHeader` ON (`t`.`work_order_cutting_header_id`=`workOrderCuttingHeader`.`id`) AND (workOrderCuttingHeader.is_inactive = :is_inactive)  LEFT OUTER JOIN `tblsp_sale_header` `saleHeader` ON (`workOrderCuttingHeader`.`sale_header_id`=`saleHeader`.`id`) AND (saleHeader.is_inactive = :is_inactive)  LEFT OUTER JOIN `tblsp_customer` `customer` ON (`t`.`customer_id`=`customer`.`id`) AND (customer.is_inactive = :is_inactive)  LEFT OUTER JOIN `tblsp_employee` `employeeIdSalesman` ON (`t`.`employee_id_salesman`=`employeeIdSalesman`.`id`) AND (employeeIdSalesman.is_inactive = :is_inactive)  WHERE ((t.is_inactive = :is_inactive) AND (t.is_inactive = 0 AND (t.tax_number is null OR t.tax_number == "")))' in /home/pmahendro/public_html/yii/framework/db/CDbCommand.php:543
Stack trace:
#0 /home/pmahendro/public_html/yii/framework/db/CDbCommand.php(433): CDbCommand->queryInternal('fetchColumn', 0, Array)
#1 /home/pmahendro/public_html/yii/framework/db/ar/CActiveFinder.php(759): CDbCommand->queryScalar()
#2 /home/pmahendro/public_html/yii/framework/db/ar/CActiveFinder.php(151): CJoinElement->count(Object(CDbCriteria))
#3 /home/pmahendro/public_html/yii/framework/db/ar/CActiveRecord.php(1605): CActiveFinder->count(Object(CDbCriteria))
#4 /home/pmahendro/public_html/yii/framework/web/CActiveDataProvider.php(228): CActiveRecord->count(Object(CDbCriteria))
#5 /home/pmahendro/public_html/yii/framework/web/CDataProvider.php(224): CActiveDataProvider->calculateTotalItemCount()
#6 /home/pmahendro/public_html/yii/framework/web/CActiveDataProvider.php(178): CDataProvider->getTotalItemCount()
#7 /home/pmahendro/public_html/yii/framework/web/CDataProvider.php(168): CActiveDataProvider->fetchData()
#8 /home/pmahendro/public_html/yii/framework/zii/widgets/CBaseListView.php(111): CDataProvider->getData()
#9 /home/pmahendro/public_html/yii/framework/zii/widgets/grid/CGridView.php(339): CBaseListView->init()
#10 /home/pmahendro/public_html/yii/framework/web/CBaseController.php(147): CGridView->init()
#11 /home/pmahendro/public_html/yii/framework/web/CBaseController.php(172): CBaseController->createWidget('zii.widgets.gri...', Array)
#12 /home/pmahendro/public_html/sinarputra/protected/modules/accounting/views/manualSaleInvoice/indexCoretax.php(138): CBaseController->widget('zii.widgets.gri...', Array)
#13 /home/pmahendro/public_html/yii/framework/web/CBaseController.php(126): require('/home/pmahendro...')
#14 /home/pmahendro/public_html/yii/framework/web/CBaseController.php(95): CBaseController->renderInternal('/home/pmahendro...', Array, true)
#15 /home/pmahendro/public_html/yii/framework/web/CController.php(869): CBaseController->renderFile('/home/pmahendro...', Array, true)
#16 /home/pmahendro/public_html/yii/framework/web/CController.php(782): CController->renderPartial('indexCoretax', Array, true)
#17 /home/pmahendro/public_html/sinarputra/protected/modules/accounting/controllers/ManualSaleInvoiceController.php(380): CController->render('indexCoretax', Array)
#18 /home/pmahendro/public_html/yii/framework/web/actions/CInlineAction.php(49): ManualSaleInvoiceController->actionIndexCoretax()
#19 /home/pmahendro/public_html/yii/framework/web/CController.php(308): CInlineAction->runWithParams(Array)
#20 /home/pmahendro/public_html/yii/framework/web/CController.php(286): CController->runAction(Object(CInlineAction))
#21 /home/pmahendro/public_html/yii/framework/web/CController.php(265): CController->runActionWithFilters(Object(CInlineAction), Array)
#22 /home/pmahendro/public_html/yii/framework/web/CWebApplication.php(282): CController->run('indexCoretax')
#23 /home/pmahendro/public_html/yii/framework/web/CWebApplication.php(141): CWebApplication->runController('accounting/manu...')
#24 /home/pmahendro/public_html/yii/framework/base/CApplication.php(180): CWebApplication->processRequest()
#25 /home/pmahendro/public_html/sinarputra/index.php(13): CApplication->run()
#26 {main}
REQUEST_URI=/~pmahendro/sinarputra/index.php?r=accounting/manualSaleInvoice/indexCoretax
---
2026/09/22 09:40:06 [error] [exception.CHttpException.404] exception 'CHttpException' with message 'Unable to resolve the request "accounting/materialSaleInvoice/indexCoretax".' in /home/pmahendro/public_html/yii/framework/web/CWebApplication.php:286
Stack trace:
#0 /home/pmahendro/public_html/yii/framework/web/CWebApplication.php(141): CWebApplication->runController('accounting/mate...')
#1 /home/pmahendro/public_html/yii/framework/base/CApplication.php(180): CWebApplication->processRequest()
#2 /home/pmahendro/public_html/sinarputra/index.php(13): CApplication->run()
#3 {main}
REQUEST_URI=/~pmahendro/sinarputra/index.php?r=accounting/materialSaleInvoice/indexCoretax
---
2026/09/22 09:50:06 [error] [exception.CHttpException.404] exception 'CHttpException' with message 'Unable to resolve the request "accounting/materialSaleInvoice/indexCoretax".' in /home/pmahendro/public_html/yii/framework/web/CWebApplication.php:286
Stack trace:
#0 /home/pmahendro/public_html/yii/framework/web/CWebApplication.php(141): CWebApplication->runController('accounting/mate...')
#1 /home/pmahendro/public_html/yii/framework/base/CApplication.php(180): CWebApplication->processRequest()
#2 /home/pmahendro/public_html/sinarputra/index.php(13): CApplication->run()
#3 {main}
REQUEST_URI=/~pmahendro/sinarputra/index.php?r=accounting/materialSaleInvoice/indexCoretax
---
2026/09/22 09:50:27 [error] [exception.CHttpException.404] exception 'CHttpException' with message 'Unable to resolve the request "accounting/materialSaleInvoice/indexCoretax".' in /home/pmahendro/public_html/yii/framework/web/CWebApplication.php:286
Stack trace:
#0 /home/pmahendro/public_html/yii/framework/web/CWebApplication.php(141): CWebApplication->runController('accounting/mate...')
#1 /home/pmahendro/public_html/yii/framework/base/CApplication.php(180): CWebApplication->processRequest()
#2 /home/pmahendro/public_html/sinarputra/index.php(13): CApplication->run()
#3 {main}
REQUEST_URI=/~pmahendro/sinarputra/index.php?r=accounting/materialSaleInvoice/indexCoretax
---
2026/09/22 09:50:30 [error] [exception.CHttpException.404] exception 'CHttpException' with message 'Unable to resolve the request "accounting/materialSaleInvoice/indexCoretax".' in /home/pmahendro/public_html/yii/framework/web/CWebApplication.php:286
Stack trace:
#0 /home/pmahendro/public_html/yii/framework/web/CWebApplication.php(141): CWebApplication->runController('accounting/mate...')
#1 /home/pmahendro/public_html/yii/framework/base/CApplication.php(180): CWebApplication->processRequest()
#2 /home/pmahendro/public_html/sinarputra/index.php(13): CApplication->run()
#3 {main}
REQUEST_URI=/~pmahendro/sinarputra/index.php?r=accounting/materialSaleInvoice/indexCoretax
---
2026/09/22 09:50:43 [error] [exception.CHttpException.404] exception 'CHttpException' with message 'Unable to resolve the request "accounting/materialSaleInvoice/indexCoretax".' in /home/pmahendro/public_html/yii/framework/web/CWebApplication.php:286
Stack trace:
#0 /home/pmahendro/public_html/yii/framework/web/CWebApplication.php(141): CWebApplication->runController('accounting/mate...')
#1 /home/pmahendro/public_html/yii/framework/base/CApplication.php(180): CWebApplication->processRequest()
#2 /home/pmahendro/public_html/sinarputra/index.php(13): CApplication->run()
#3 {main}
REQUEST_URI=/~pmahendro/sinarputra/index.php?r=accounting/materialSaleInvoice/indexCoretax
---
2026/09/23 09:12:41 [error] [php] Undefined variable: startDate (/home/pmahendro/public_html/sinarputra/protected/modules/transaction/views/purchaseItem/admin.php:11)
Stack trace:
#0 /home/pmahendro/public_html/yii/framework/web/CController.php(869): PurchaseItemController->renderFile()
#1 /home/pmahendro/public_html/yii/framework/web/CController.php(782): PurchaseItemController->renderPartial()
#2 /home/pmahendro/public_html/sinarputra/protected/modules/transaction/controllers/PurchaseItemController.php(143): PurchaseItemController->render()
#3 /home/pmahendro/public_html/yii/framework/web/actions/CInlineAction.php(49): PurchaseItemController->actionAdmin()
#4 /home/pmahendro/public_html/yii/framework/web/CController.php(308): CInlineAction->runWithParams()
#5 /home/pmahendro/public_html/yii/framework/web/CController.php(286): PurchaseItemController->runAction()
#6 /home/pmahendro/public_html/yii/framework/web/CController.php(265): PurchaseItemController->runActionWithFilters()
#7 /home/pmahendro/public_html/yii/framework/web/CWebApplication.php(282): PurchaseItemController->run()
#8 /home/pmahendro/public_html/yii/framework/web/CWebApplication.php(141): CWebApplication->runController()
#9 /home/pmahendro/public_html/yii/framework/base/CApplication.php(180): CWebApplication->processRequest()
#10 /home/pmahendro/public_html/sinarputra/index.php(13): CWebApplication->run()
REQUEST_URI=/~pmahendro/sinarputra/index.php?r=transaction/purchaseItem/admin
in /home/pmahendro/public_html/sinarputra/protected/modules/transaction/views/purchaseItem/admin.php (11)
in /home/pmahendro/public_html/sinarputra/protected/modules/transaction/controllers/PurchaseItemController.php (143)
in /home/pmahendro/public_html/sinarputra/index.php (13)
2026/09/23 11:12:25 [error] [system.db.CDbCommand] CDbCommand::fetchColumn() failed: SQLSTATE[42S22]: Column not found: 1054 Unknown column 't.transaction_date' in 'where clause'. The SQL statement executed was: SELECT COUNT(DISTINCT `t`.`id`) FROM `tblsp_purchase_item_header` `t`  LEFT OUTER JOIN `tblsp_supplier` `supplier` ON (`t`.`supplier_id`=`supplier`.`id`) AND (supplier.is_inactive = :is_inactive)  WHERE ((t.is_inactive = :is_inactive) AND (t.transaction_date BETWEEN :ycp0 AND :ycp1)).
in /home/pmahendro/public_html/sinarputra/protected/modules/transaction/views/purchaseItem/admin.php (94)
in /home/pmahendro/public_html/sinarputra/protected/modules/transaction/controllers/PurchaseItemController.php (149)
in /home/pmahendro/public_html/sinarputra/index.php (13)
2026/09/23 11:12:25 [error] [exception.CDbException] exception 'CDbException' with message 'CDbCommand failed to execute the SQL statement: SQLSTATE[42S22]: Column not found: 1054 Unknown column 't.transaction_date' in 'where clause'. The SQL statement executed was: SELECT COUNT(DISTINCT `t`.`id`) FROM `tblsp_purchase_item_header` `t`  LEFT OUTER JOIN `tblsp_supplier` `supplier` ON (`t`.`supplier_id`=`supplier`.`id`) AND (supplier.is_inactive = :is_inactive)  WHERE ((t.is_inactive = :is_inactive) AND (t.transaction_date BETWEEN :ycp0 AND :ycp1))' in /home/pmahendro/public_html/yii/framework/db/CDbCommand.php:543
Stack trace:
#0 /home/pmahendro/public_html/yii/framework/db/CDbCommand.php(433): CDbCommand->queryInternal('fetchColumn', 0, Array)
#1 /home/pmahendro/public_html/yii/framework/db/ar/CActiveFinder.php(759): CDbCommand->queryScalar()
#2 /home/pmahendro/public_html/yii/framework/db/ar/CActiveFinder.php(151): CJoinElement->count(Object(CDbCriteria))
#3 /home/pmahendro/public_html/yii/framework/db/ar/CActiveRecord.php(1605): CActiveFinder->count(Object(CDbCriteria))
#4 /home/pmahendro/public_html/yii/framework/web/CActiveDataProvider.php(228): CActiveRecord->count(Object(CDbCriteria))
#5 /home/pmahendro/public_html/yii/framework/web/CDataProvider.php(224): CActiveDataProvider->calculateTotalItemCount()
#6 /home/pmahendro/public_html/yii/framework/web/CActiveDataProvider.php(178): CDataProvider->getTotalItemCount()
#7 /home/pmahendro/public_html/yii/framework/web/CDataProvider.php(168): CActiveDataProvider->fetchData()
#8 /home/pmahendro/public_html/yii/framework/zii/widgets/CBaseListView.php(111): CDataProvider->getData()
#9 /home/pmahendro/public_html/yii/framework/zii/widgets/grid/CGridView.php(339): CBaseListView->init()
#10 /home/pmahendro/public_html/yii/framework/web/CBaseController.php(147): CGridView->init()
#11 /home/pmahendro/public_html/yii/framework/web/CBaseController.php(172): CBaseController->createWidget('zii.widgets.gri...', Array)
#12 /home/pmahendro/public_html/sinarputra/protected/modules/transaction/views/purchaseItem/admin.php(94): CBaseController->widget('zii.widgets.gri...', Array)
#13 /home/pmahendro/public_html/yii/framework/web/CBaseController.php(126): require('/home/pmahendro...')
#14 /home/pmahendro/public_html/yii/framework/web/CBaseController.php(95): CBaseController->renderInternal('/home/pmahendro...', Array, true)
#15 /home/pmahendro/public_html/yii/framework/web/CController.php(869): CBaseController->renderFile('/home/pmahendro...', Array, true)
#16 /home/pmahendro/public_html/yii/framework/web/CController.php(782): CController->renderPartial('admin', Array, true)
#17 /home/pmahendro/public_html/sinarputra/protected/modules/transaction/controllers/PurchaseItemController.php(149): CController->render('admin', Array)
#18 /home/pmahendro/public_html/yii/framework/web/actions/CInlineAction.php(49): PurchaseItemController->actionAdmin()
#19 /home/pmahendro/public_html/yii/framework/web/CController.php(308): CInlineAction->runWithParams(Array)
#20 /home/pmahendro/public_html/yii/framework/web/CController.php(286): CController->runAction(Object(CInlineAction))
#21 /home/pmahendro/public_html/yii/framework/web/CController.php(265): CController->runActionWithFilters(Object(CInlineAction), Array)
#22 /home/pmahendro/public_html/yii/framework/web/CWebApplication.php(282): CController->run('admin')
#23 /home/pmahendro/public_html/yii/framework/web/CWebApplication.php(141): CWebApplication->runController('transaction/pur...')
#24 /home/pmahendro/public_html/yii/framework/base/CApplication.php(180): CWebApplication->processRequest()
#25 /home/pmahendro/public_html/sinarputra/index.php(13): CApplication->run()
#26 {main}
REQUEST_URI=/~pmahendro/sinarputra/index.php?r=transaction%2FpurchaseItem%2Fadmin&StartDate=2026-08-01&EndDate=2026-08-31&Submit=Show
HTTP_REFERER=http://localhost/~pmahendro/sinarputra/index.php?r=transaction/purchaseItem/admin
---
2026/09/23 11:12:58 [error] [exception.CHttpException.404] exception 'CHttpException' with message 'Unable to resolve the request "transaction/manualSalePayment/admin".' in /home/pmahendro/public_html/yii/framework/web/CWebApplication.php:286
Stack trace:
#0 /home/pmahendro/public_html/yii/framework/web/CWebApplication.php(141): CWebApplication->runController('transaction/man...')
#1 /home/pmahendro/public_html/yii/framework/base/CApplication.php(180): CWebApplication->processRequest()
#2 /home/pmahendro/public_html/sinarputra/index.php(13): CApplication->run()
#3 {main}
REQUEST_URI=/~pmahendro/sinarputra/index.php?r=transaction/manualSalePayment/admin
---
2026/09/23 11:13:09 [error] [exception.CHttpException.404] exception 'CHttpException' with message 'Unable to resolve the request "accountin/manualSalePayment/admin".' in /home/pmahendro/public_html/yii/framework/web/CWebApplication.php:286
Stack trace:
#0 /home/pmahendro/public_html/yii/framework/web/CWebApplication.php(141): CWebApplication->runController('accountin/manua...')
#1 /home/pmahendro/public_html/yii/framework/base/CApplication.php(180): CWebApplication->processRequest()
#2 /home/pmahendro/public_html/sinarputra/index.php(13): CApplication->run()
#3 {main}
REQUEST_URI=/~pmahendro/sinarputra/index.php?r=accountin/manualSalePayment/admin
---
2026/09/23 11:13:24 [error] [exception.CHttpException.404] exception 'CHttpException' with message 'Unable to resolve the request "accountin/manualSalePayment/admin".' in /home/pmahendro/public_html/yii/framework/web/CWebApplication.php:286
Stack trace:
#0 /home/pmahendro/public_html/yii/framework/web/CWebApplication.php(141): CWebApplication->runController('accountin/manua...')
#1 /home/pmahendro/public_html/yii/framework/base/CApplication.php(180): CWebApplication->processRequest()
#2 /home/pmahendro/public_html/sinarputra/index.php(13): CApplication->run()
#3 {main}
REQUEST_URI=/~pmahendro/sinarputra/index.php?r=accountin/manualSalePayment/admin
---
2026/09/23 11:13:55 [error] [exception.CHttpException.404] exception 'CHttpException' with message 'Unable to resolve the request "accountin/manualSalePayment/admin".' in /home/pmahendro/public_html/yii/framework/web/CWebApplication.php:286
Stack trace:
#0 /home/pmahendro/public_html/yii/framework/web/CWebApplication.php(141): CWebApplication->runController('accountin/manua...')
#1 /home/pmahendro/public_html/yii/framework/base/CApplication.php(180): CWebApplication->processRequest()
#2 /home/pmahendro/public_html/sinarputra/index.php(13): CApplication->run()
#3 {main}
REQUEST_URI=/~pmahendro/sinarputra/index.php?r=accountin/manualSalePayment/admin
---
2026/09/23 11:13:56 [error] [exception.CHttpException.404] exception 'CHttpException' with message 'Unable to resolve the request "transaction/manualSalePayment/admin".' in /home/pmahendro/public_html/yii/framework/web/CWebApplication.php:286
Stack trace:
#0 /home/pmahendro/public_html/yii/framework/web/CWebApplication.php(141): CWebApplication->runController('transaction/man...')
#1 /home/pmahendro/public_html/yii/framework/base/CApplication.php(180): CWebApplication->processRequest()
#2 /home/pmahendro/public_html/sinarputra/index.php(13): CApplication->run()
#3 {main}
REQUEST_URI=/~pmahendro/sinarputra/index.php?r=transaction/manualSalePayment/admin
---
